date,stablecoin_mcap_usd,btc_etf_net_flow_usd_mn,eth_etf_net_flow_usd_mn,btc_realized_cap_usd,eth_realized_cap_usd,btc_oi_value_usd,eth_oi_value_usd
2024-12-07,138176856741.0,,,1981022254343.75,,,
2024-12-07,138176856741.0,,,1972778786934.375,,,
2024-12-07,138176856741.0,,,1971126175046.875,,,
2024-12-07,138176856741.0,,,1971531988134.375,,,
2024-12-07,138176856741.0,,,1981854002718.75,,,
2024-12-08,138401080741.0,,,1978697462625.0,,,
2024-12-08,138401080741.0,,,1974946787250.0,,,
2024-12-08,138401080741.0,,,1975748489750.0,,,
2024-12-08,138401080741.0,,,1976728339162.5,,,
2024-12-09,138337361929.0,479.1,149.8,1954075243046.875,,,
2024-12-09,138337361929.0,479.1,149.8,1995759699375.0,,,
2024-12-09,138337361929.0,479.1,149.8,1970513699131.25,,,
2024-12-09,138337361929.0,479.1,149.8,1940971754187.5,,,
2024-12-09,138337361929.0,479.1,149.8,1921682893343.75,,,
2024-12-09,138337361929.0,479.1,149.8,1948463728509.375,,,
2024-12-10,138781859312.0,438.5,305.7,1903561372268.75,,,
2024-12-10,138781859312.0,438.5,305.7,1930510648687.5,,,
2024-12-10,138781859312.0,438.5,305.7,1937309784418.75,,,
2024-12-10,138781859312.0,438.5,305.7,1900442942187.5,,,
2024-12-11,138915791058.0,223.1,102.0,1928966411718.75,,,
2024-12-11,138915791058.0,223.1,102.0,1990547490000.0,,,
2024-12-11,138915791058.0,223.1,102.0,1909360288062.5,,,
2024-12-11,138915791058.0,223.1,102.0,2008372798500.0,,,
2024-12-11,138915791058.0,223.1,102.0,1947484342125.0,,,
2024-12-12,140005800450.0,597.5,273.7,2008382944500.0,,,
2024-12-12,140005800450.0,597.5,273.7,1999287425000.0,,,
2024-12-12,140005800450.0,597.5,273.7,2007809385750.0,,,
2024-12-12,140005800450.0,597.5,273.7,1977176675250.0,,,
2024-12-13,140404910980.0,428.9,23.6,1979740454250.0,,,
2024-12-13,140404910980.0,428.9,23.6,1976543405925.0,,,
2024-12-13,140404910980.0,428.9,23.6,1978730691000.0,,,
2024-12-13,140404910980.0,428.9,23.6,1984897291750.0,,,
2024-12-13,140404910980.0,428.9,23.6,2003129412750.0,,,
2024-12-13,140404910980.0,428.9,23.6,2009849806250.0,,,
2024-12-14,140448004125.0,,,2011651736500.0,,,
2024-12-14,140448004125.0,,,2012255776250.0,,,
2024-12-14,140448004125.0,,,2005337332500.0,,,
2024-12-14,140448004125.0,,,2002971927500.0,,,
2024-12-14,140448004125.0,,,1997439102500.0,,,
2024-12-15,140537641436.0,,,2024184775781.25,,,
2024-12-15,140537641436.0,,,2041615945531.25,,,
2024-12-15,140537641436.0,,,2023184415000.0,,,
2024-12-15,140537641436.0,,,2035489303812.5,,,
2024-12-16,140568004125.0,636.9,51.1,2070341827312.5,,,
2024-12-16,140568004125.0,636.9,51.1,2059474432843.75,,,
2024-12-16,140568004125.0,636.9,51.1,2099078892093.75,,,
2024-12-16,140568004125.0,636.9,51.1,2073519777812.5,,,
2024-12-16,140568004125.0,636.9,51.1,2093150356656.25,,,
2024-12-17,140758577764.0,493.9,144.7,2106029127937.5,,,
2024-12-17,140758577764.0,493.9,144.7,2120491815468.75,,,
2024-12-17,140758577764.0,493.9,144.7,2116345066562.5,,,
2024-12-17,140758577764.0,493.9,144.7,2099923808218.75,,,
2024-12-18,140880782929.0,275.3,2.5,2085086194125.0,,,
2024-12-18,140880782929.0,275.3,2.5,2060943497812.5,,,
2024-12-18,140880782929.0,275.3,2.5,2077980040000.0,,,
2024-12-18,140880782929.0,275.3,2.5,2073437012531.25,,,
2024-12-19,140922490659.0,-671.9,-60.5,2029714667750.0,,,
2024-12-19,140922490659.0,-671.9,-60.5,2006936564812.5,,,
2024-12-19,140922490659.0,-671.9,-60.5,1928882267418.75,,,
2024-12-19,140922490659.0,-671.9,-60.5,1970963783700.0,,,
2024-12-19,140922490659.0,-671.9,-60.5,1995839215281.25,,,
2024-12-20,140886878527.0,-277.0,-75.1,1921646049750.0,,,
2024-12-20,140886878527.0,-277.0,-75.1,1901065472812.5,,,
2024-12-20,140886878527.0,-277.0,-75.1,1867041039678.125,,,
2024-12-20,140886878527.0,-277.0,-75.1,1924249624062.5,,,
2024-12-21,140385777553.0,,,1930813098196.875,,,
2024-12-21,140385777553.0,,,1956185429343.75,,,
2024-12-21,140385777553.0,,,1946137342931.25,,,
2024-12-21,140385777553.0,,,1931990710815.625,,,
2024-12-21,140385777553.0,,,1919843972750.0,,,
2024-12-22,140061740871.0,,,1921021836800.0,,,
2024-12-22,140061740871.0,,,1910418980400.0,,,
2024-12-22,140061740871.0,,,1924624978250.0,,,
2024-12-22,140061740871.0,,,1892005009365.625,,,
2024-12-22,140061740871.0,,,1888926086106.25,,,
2024-12-23,140292853908.0,-226.5,130.8,1890796822093.75,,,
2024-12-23,140292853908.0,-226.5,130.8,1900864800168.75,,,
2024-12-23,140292853908.0,-226.5,130.8,1846800173750.0,,,
2024-12-23,140292853908.0,-226.5,130.8,1863897122093.75,,,
2024-12-24,139688611814.0,-338.4,53.6,1858600040118.75,,,
2024-12-24,139688611814.0,-338.4,53.6,1871935133875.0,,,
2024-12-24,139688611814.0,-338.4,53.6,1932138278875.0,,,
2024-12-24,139688611814.0,-338.4,53.6,1928128503656.25,,,
2024-12-25,139664974670.0,0.0,0.0,1944790677362.5,,,
2024-12-25,139664974670.0,0.0,0.0,1959008210775.0,,,
2024-12-25,139664974670.0,0.0,0.0,1942543508125.0,,,
2024-12-25,139664974670.0,0.0,0.0,1948266141500.0,,,
2024-12-25,139664974670.0,0.0,0.0,1955364539240.625,,,
2024-12-26,139675859154.0,475.2,117.2,1953414346887.5,,,
2024-12-26,139675859154.0,475.2,117.2,1891940981425.0,,,
2024-12-26,139675859154.0,475.2,117.2,1892940609150.0,,,
2024-12-26,139675859154.0,475.2,117.2,1897266909375.0,,,
2024-12-27,139531857650.0,-287.9,47.7,1909811244534.375,,,
2024-12-27,139531857650.0,-287.9,47.7,1904850646062.5,,,
2024-12-27,139531857650.0,-287.9,47.7,1915850301084.375,,,
2024-12-27,139531857650.0,-287.9,47.7,1859226354496.875,,,
2024-12-27,139531857650.0,-287.9,47.7,1873196199862.5,,,
2024-12-28,139272991974.0,,,1875364095515.625,,,
2024-12-28,139272991974.0,,,1874264639140.625,,,
2024-12-28,139272991974.0,,,1878274181896.875,,,
2024-12-28,139272991974.0,,,1885273937362.5,,,
2024-12-29,139205722458.0,,,1886946425881.25,,,
2024-12-29,139205722458.0,,,1888026043962.5,,,
2024-12-29,139205722458.0,,,1858429405312.5,,,
2024-12-29,139205722458.0,,,1876123785375.0,,,
2024-12-29,139205722458.0,,,1888669994531.25,,,
2024-12-30,138851015375.0,-415.1,-55.5,1826266666125.0,,,
2024-12-30,138851015375.0,-415.1,-55.5,1826236281187.5,,,
2024-12-30,138851015375.0,-415.1,-55.5,1861092401125.0,,,
2024-12-30,138851015375.0,-415.1,-55.5,1857141165375.0,,,
2024-12-30,138851015375.0,-415.1,-55.5,1858774411412.5,,,
2024-12-31,137825770033.0,5.3,36.0,1827314895700.0,,,
2024-12-31,137825770033.0,5.3,36.0,1842434322156.25,,,
2024-12-31,137825770033.0,5.3,36.0,1885318785000.0,,,
2024-12-31,137825770033.0,5.3,36.0,1867881096631.25,,,
2025-01-01,137388677499.0,0.0,0.0,1863672283187.5,,,
2025-01-01,137388677499.0,0.0,0.0,1860671475337.5,,,
2025-01-01,137388677499.0,0.0,0.0,1865691325431.25,,,
2025-01-01,137388677499.0,0.0,0.0,1871265745650.0,,,
2025-01-01,137388677499.0,0.0,0.0,1878503789043.75,,,
2025-01-02,137416189761.0,-242.3,-77.5,1894554894031.25,,,
2025-01-02,137416189761.0,-242.3,-77.5,1922953731281.25,,,
2025-01-02,137416189761.0,-242.3,-77.5,1911913262556.25,,,
2025-01-02,137416189761.0,-242.3,-77.5,1915735085956.25,,,
2025-01-02,137416189761.0,-242.3,-77.5,1920062635312.5,,,
2025-01-03,137562831740.0,908.1,58.9,1921101773718.75,,,
2025-01-03,137562831740.0,908.1,58.9,1907485586518.75,,,
2025-01-03,137562831740.0,908.1,58.9,1924725714631.25,,,
2025-01-03,137562831740.0,908.1,58.9,1953651125306.25,,,
2025-01-04,137474579521.0,,,1940569640862.5,,,
2025-01-04,137474579521.0,,,1943292788281.25,,,
2025-01-04,137474579521.0,,,1940411293309.375,,,
2025-01-04,137474579521.0,,,1935073559203.125,,,
2025-01-04,137474579521.0,,,1949086010218.75,,,
2025-01-05,137521413557.0,,,1945728853000.0,,,
2025-01-05,137521413557.0,,,1939598825718.75,,,
2025-01-05,137521413557.0,,,1939668036934.375,,,
2025-01-05,137521413557.0,,,1939044338675.0,,,
2025-01-05,137521413557.0,,,1955711206050.0,,,
2025-01-06,137563370382.0,978.6,128.7,1960236933750.0,,,
2025-01-06,137563370382.0,978.6,128.7,1963039543725.0,,,
2025-01-06,137563370382.0,978.6,128.7,1994918234000.0,,,
2025-01-06,137563370382.0,978.6,128.7,2021667317250.0,,,
2025-01-07,137645514579.0,52.4,-86.8,2014349335312.5,,,
2025-01-07,137645514579.0,52.4,-86.8,2014557574093.75,,,
2025-01-07,137645514579.0,52.4,-86.8,1999118617562.5,,,
2025-01-07,137645514579.0,52.4,-86.8,1920593633406.25,,,
2025-01-08,137505135441.0,-568.8,-159.4,1897280049093.75,,,
2025-01-08,137505135441.0,-568.8,-159.4,1923039613200.0,,,
2025-01-08,137505135441.0,-568.8,-159.4,1868063364168.75,,,
2025-01-08,137505135441.0,-568.8,-159.4,1893565840118.75,,,
2025-01-09,137935774895.0,0.0,0.0,1865101952334.375,,,
2025-01-09,137935774895.0,0.0,0.0,1843560607834.375,,,
2025-01-09,137935774895.0,0.0,0.0,1833725446300.0,,,
2025-01-09,137935774895.0,0.0,0.0,1845797705484.375,,,
2025-01-09,137935774895.0,0.0,0.0,1828930621296.875,,,
2025-01-10,137761713901.0,-149.4,-68.5,1857186182915.625,,,
2025-01-10,137761713901.0,-149.4,-68.5,1884174305934.375,,,
2025-01-10,137761713901.0,-149.4,-68.5,1859423755912.5,,,
2025-01-10,137761713901.0,-149.4,-68.5,1878587853725.0,,,
2025-01-11,137722241100.0,,,1871911518750.0,,,
2025-01-11,137722241100.0,,,1869346773862.5,,,
2025-01-11,137722241100.0,,,1867473441562.5,,,
2025-01-11,137722241100.0,,,1875942132312.5,,,
2025-01-12,137665311556.0,,,1873049166450.0,,,
2025-01-12,137665311556.0,,,1875613981437.5,,,
2025-01-12,137665311556.0,,,1860429879825.0,,,
2025-01-12,137665311556.0,,,1880822925562.5,,,
2025-01-12,137665311556.0,,,1880990894562.5,,,
2025-01-12,137665311556.0,,,1867787528600.0,,,
2025-01-13,137735645823.0,-284.1,-39.4,1880078839650.0,,,
2025-01-13,137735645823.0,-284.1,-39.4,1818837085900.0,,,
2025-01-13,137735645823.0,-284.1,-39.4,1825522132187.5,,,
2025-01-13,137735645823.0,-284.1,-39.4,1869509075737.5,,,
2025-01-14,137530090663.0,-209.8,1.2,1884653267087.5,,,
2025-01-14,137530090663.0,-209.8,1.2,1894647014487.5,,,
2025-01-14,137530090663.0,-209.8,1.2,1911098951212.5,,,
2025-01-14,137530090663.0,-209.8,1.2,1921945074056.25,,,
2025-01-15,137582647233.0,755.1,59.7,1920944754056.25,,,
2025-01-15,137582647233.0,755.1,59.7,1977285532493.75,,,
2025-01-15,137582647233.0,755.1,59.7,1923866578637.5,,,
2025-01-15,137582647233.0,755.1,59.7,1964695824562.5,,,
2025-01-15,137582647233.0,755.1,59.7,1919834949312.5,,,
2025-01-16,137762258053.0,626.1,166.6,1970322113993.75,,,
2025-01-16,137762258053.0,626.1,166.6,1962962407218.75,,,
2025-01-16,137762258053.0,626.1,166.6,1969014668812.5,,,
2025-01-16,137762258053.0,626.1,166.6,1978751854843.75,,,
2025-01-17,137802584445.0,1072.8,23.9,2000534344875.0,,,
2025-01-17,137802584445.0,1072.8,23.9,2018968946062.5,,,
2025-01-17,137802584445.0,1072.8,23.9,2035620707812.5,,,
2025-01-17,137802584445.0,1072.8,23.9,2095263579000.0,,,
2025-01-18,138480973594.0,,,2071104010625.0,,,
2025-01-18,138480973594.0,,,2050312186187.5,,,
2025-01-18,138480973594.0,,,2051709360750.0,,,
2025-01-18,138480973594.0,,,2056870809125.0,,,
2025-01-18,138480973594.0,,,2069560867125.0,,,
2025-01-19,138531794731.0,,,2075525417250.0,,,
2025-01-19,138531794731.0,,,2074524336562.5,,,
2025-01-19,138531794731.0,,,2084065698562.5,,,
2025-01-19,138531794731.0,,,2078309614375.0,,,
2025-01-20,138529717130.0,0.0,0.0,1995148960000.0,,,
2025-01-20,138529717130.0,0.0,0.0,2031614766000.0,,,
2025-01-20,138529717130.0,0.0,0.0,1987391248062.5,,,
2025-01-20,138529717130.0,0.0,0.0,2026035836875.0,,,
2025-01-20,138529717130.0,0.0,0.0,2117184788062.5,,,
2025-01-21,138761501548.0,802.6,74.4,2033606320000.0,,,
2025-01-21,138761501548.0,802.6,74.4,2023710034000.0,,,
2025-01-21,138761501548.0,802.6,74.4,2042344656000.0,,,
2025-01-21,138761501548.0,802.6,74.4,2119428701000.0,,,
2025-01-22,138819926586.0,248.7,70.7,2088947848000.0,,,
2025-01-22,138819926586.0,248.7,70.7,2076256665000.0,,,
2025-01-22,138819926586.0,248.7,70.7,2061427752000.0,,,
2025-01-22,138819926586.0,248.7,70.7,2067163321000.0,,,
2025-01-22,138819926586.0,248.7,70.7,2090709968000.0,,,
2025-01-23,139155191071.0,188.7,-14.9,2023395468000.0,,,
2025-01-23,139155191071.0,188.7,-14.9,2028755779968.75,,,
2025-01-23,139155191071.0,188.7,-14.9,2026190185562.5,,,
2025-01-23,139155191071.0,188.7,-14.9,2047203466875.0,,,
2025-01-24,139236520740.0,517.7,9.2,2045628654625.0,,,
2025-01-24,139236520740.0,517.7,9.2,2074171719125.0,,,
2025-01-24,139236520740.0,517.7,9.2,2103111361687.5,,,
2025-01-24,139236520740.0,517.7,9.2,2101933099500.0,,,
2025-01-25,139763773679.0,,,2074224386250.0,,,
2025-01-25,139763773679.0,,,2083547907187.5,,,
2025-01-25,139763773679.0,,,2073608682031.25,,,
2025-01-25,139763773679.0,,,2068467624437.5,,,
2025-01-26,139767735496.0,,,2073849020125.0,,,
2025-01-26,139767735496.0,,,2084163722062.5,,,
2025-01-26,139767735496.0,,,2075059197750.0,,,
2025-01-26,139767735496.0,,,2080023522093.75,,,
2025-01-26,139767735496.0,,,2039808535062.5,,,
2025-01-27,139760049115.0,-457.6,-136.2,2010888039375.0,,,
2025-01-27,139760049115.0,-457.6,-136.2,1965044635881.25,,,
2025-01-27,139760049115.0,-457.6,-136.2,2000207798312.5,,,
2025-01-27,139760049115.0,-457.6,-136.2,1967402746387.5,,,
2025-01-28,139822724633.0,18.4,0.0,2030744640750.0,,,
2025-01-28,139822724633.0,18.4,0.0,2047994903906.25,,,
2025-01-28,139822724633.0,18.4,0.0,2042655184500.0,,,
2025-01-28,139822724633.0,18.4,0.0,2028200863750.0,,,
2025-01-28,139822724633.0,18.4,0.0,1989767234250.0,,,
2025-01-29,139923109874.0,92.0,-4.7,2022078211000.0,,,
2025-01-29,139923109874.0,92.0,-4.7,2063536725656.25,,,
2025-01-29,139923109874.0,92.0,-4.7,2036356706125.0,,,
2025-01-29,139923109874.0,92.0,-4.7,2028846863437.5,,,
2025-01-29,139923109874.0,92.0,-4.7,2024080610687.5,,,
2025-01-30,139982628523.0,588.1,67.8,2076626377218.75,,,
2025-01-30,139982628523.0,588.1,67.8,2085950906437.5,,,
2025-01-30,139982628523.0,588.1,67.8,2095671874218.75,,,
2025-01-30,139982628523.0,588.1,67.8,2081215799687.5,,,
2025-01-31,139968547355.0,318.6,27.8,2079244558875.0,,,
2025-01-31,139968547355.0,318.6,27.8,2072715266593.75,,,
2025-01-31,139968547355.0,318.6,27.8,2080454600562.5,,,
2025-01-31,139968547355.0,318.6,27.8,2062034611406.25,,,
2025-02-01,139945461409.0,,,2032130349937.5,,,
2025-02-01,139945461409.0,,,2035885483281.25,,,
2025-02-01,139945461409.0,,,2018069803968.75,,,
2025-02-01,139945461409.0,,,2026998144625.0,,,
2025-02-01,139945461409.0,,,2004624205937.5,,,
2025-02-01,139945461409.0,,,2025819278937.5,,,
2025-02-02,139940662041.0,,,2000670634687.5,,,
2025-02-02,139940662041.0,,,1988195055000.0,,,
2025-02-02,139940662041.0,,,1963729077406.25,,,
2025-02-02,139940662041.0,,,1967762188350.0,,,
2025-02-02,139940662041.0,,,1931008185181.25,,,
2025-02-03,140116092699.0,-234.4,83.6,1866536544093.75,,,
2025-02-03,140116092699.0,-234.4,83.6,1954196020481.25,,,
2025-02-03,140116092699.0,-234.4,83.6,1893857432387.5,,,
2025-02-03,140116092699.0,-234.4,83.6,2009085608812.5,,,
2025-02-03,140116092699.0,-234.4,83.6,1889674888162.5,,,
2025-02-04,139934356581.0,340.7,307.8,1997402281375.0,,,
2025-02-04,139934356581.0,340.7,307.8,1949984221093.75,,,
2025-02-04,139934356581.0,340.7,307.8,1972132587900.0,,,
2025-02-04,139934356581.0,340.7,307.8,1963441676281.25,,,
2025-02-05,141281000185.0,66.4,18.1,1949339713500.0,,,
2025-02-05,141281000185.0,66.4,18.1,1915536404787.5,,,
2025-02-05,141281000185.0,66.4,18.1,1939152469668.75,,,
2025-02-05,141281000185.0,66.4,18.1,1936546022643.75,,,
2025-02-05,141281000185.0,66.4,18.1,1909005393075.0,,,
2025-02-06,141868639474.0,-140.2,10.7,1957089202056.25,,,
2025-02-06,141868639474.0,-140.2,10.7,1937913067637.5,,,
2025-02-06,141868639474.0,-140.2,10.7,1920579526862.5,,,
2025-02-06,141868639474.0,-140.2,10.7,1929707101968.75,,,
2025-02-07,141827071091.0,171.3,0.0,1920648678856.25,,,
2025-02-07,141827071091.0,171.3,0.0,1922858784387.5,,,
2025-02-07,141827071091.0,171.3,0.0,1932541101562.5,,,
2025-02-07,141827071091.0,171.3,0.0,1951341499800.0,,,
2025-02-07,141827071091.0,171.3,0.0,1922511589537.5,,,
2025-02-08,142126491830.0,,,1913423944162.5,,,
2025-02-08,142126491830.0,,,1914334710087.5,,,
2025-02-08,142126491830.0,,,1910083790468.75,,,
2025-02-08,142126491830.0,,,1908259659900.0,,,
2025-02-08,142126491830.0,,,1907258960512.5,,,
2025-02-09,142199011789.0,,,1915216524612.5,,,
2025-02-09,142199011789.0,,,1921252027312.5,,,
2025-02-09,142199011789.0,,,1916147658425.0,,,
2025-02-09,142199011789.0,,,1913679569756.25,,,
2025-02-09,142199011789.0,,,1909486929581.25,,,
2025-02-10,142191510636.0,-186.3,-22.5,1929617612062.5,,,
2025-02-10,142191510636.0,-186.3,-22.5,1931173810884.375,,,
2025-02-10,142191510636.0,-186.3,-22.5,1922719817975.0,,,
2025-02-10,142191510636.0,-186.3,-22.5,1937001618775.0,,,
2025-02-11,142323303749.0,-56.7,12.6,1948201228390.625,,,
2025-02-11,142323303749.0,-56.7,12.6,1937090707540.625,,,
2025-02-11,142323303749.0,-56.7,12.6,1896225544687.5,,,
2025-02-11,142323303749.0,-56.7,12.6,1923849057925.0,,,
2025-02-12,142266481024.0,-251.0,-40.9,1900378131856.25,,,
2025-02-12,142266481024.0,-251.0,-40.9,1908356632393.75,,,
2025-02-12,142266481024.0,-251.0,-40.9,1885093741781.25,,,
2025-02-12,142266481024.0,-251.0,-40.9,1927168439768.75,,,
2025-02-13,142417199851.0,-157.8,12.8,1900425714568.75,,,
2025-02-13,142417199851.0,-157.8,12.8,1915679858640.625,,,
2025-02-13,142417199851.0,-157.8,12.8,1939369900475.0,,,
2025-02-13,142417199851.0,-157.8,12.8,1905421905053.125,,,
2025-02-13,142417199851.0,-157.8,12.8,1906422700546.875,,,
2025-02-14,142225869513.0,66.2,11.7,1917711090500.0,,,
2025-02-14,142225869513.0,66.2,11.7,1924857906846.875,,,
2025-02-14,142225869513.0,66.2,11.7,1927781394240.625,,,
2025-02-14,142225869513.0,66.2,11.7,1952948495221.875,,,
2025-02-14,142225869513.0,66.2,11.7,1919337132965.625,,,
2025-02-15,142413856453.0,,,1938555844875.0,,,
2025-02-15,142413856453.0,,,1932756964300.0,,,
2025-02-15,142413856453.0,,,1938119668387.5,,,
2025-02-15,142413856453.0,,,1934521372706.25,,,
2025-02-15,142413856453.0,,,1933757957250.0,,,
2025-02-16,142412375399.0,,,1934104736025.0,,,
2025-02-16,142412375399.0,,,1927056765225.0,,,
2025-02-16,142412375399.0,,,1922288921356.25,,,
2025-02-16,142412375399.0,,,1922001238384.375,,,
2025-02-17,142412375399.0,0.0,0.0,1909798500159.375,,,
2025-02-17,142412375399.0,0.0,0.0,1909808133259.375,,,
2025-02-17,142412375399.0,0.0,0.0,1912890730968.75,,,
2025-02-17,142412375399.0,0.0,0.0,1892598885168.75,,,
2025-02-17,142412375399.0,0.0,0.0,1902323062650.0,,,
2025-02-18,142163336327.0,-60.7,4.6,1899259646740.625,,,
2025-02-18,142163336327.0,-60.7,4.6,1903036162284.375,,,
2025-02-18,142163336327.0,-60.7,4.6,1879631162718.75,,,
2025-02-18,142163336327.0,-60.7,4.6,1890366605684.375,,,
2025-02-19,142066249126.0,-71.2,19.0,1898941092534.375,,,
2025-02-19,142066249126.0,-71.2,19.0,1901349662187.5,,,
2025-02-19,142066249126.0,-71.2,19.0,1911014747034.375,,,
2025-02-19,142066249126.0,-71.2,19.0,1913026870125.0,,,
2025-02-20,142682643615.0,-364.8,-13.1,1943172844396.875,,,
2025-02-20,142682643615.0,-364.8,-13.1,1947465272371.875,,,
2025-02-20,142682643615.0,-364.8,-13.1,1926974673646.875,,,
2025-02-20,142682643615.0,-364.8,-13.1,1930097196912.5,,,
2025-02-21,142752651764.0,-62.9,-8.9,1948545756890.625,,,
2025-02-21,142752651764.0,-62.9,-8.9,1949685733743.75,,,
2025-02-21,142752651764.0,-62.9,-8.9,1959529897093.75,,,
2025-02-21,142752651764.0,-62.9,-8.9,1888537939028.125,,,
2025-02-22,142951416400.0,,,1912816297153.125,,,
2025-02-22,142951416400.0,,,1915740598437.5,,,
2025-02-22,142951416400.0,,,1922670120103.125,,,
2025-02-22,142951416400.0,,,1917663389137.5,,,
2025-02-23,142951416393.0,,,1917970478909.375,,,
2025-02-23,142951416393.0,,,1917107720971.875,,,
2025-02-23,142951416393.0,,,1901572176421.875,,,
2025-02-23,142951416393.0,,,1901105890446.875,,,
2025-02-24,142857128577.0,-565.9,-78.0,1915134070981.25,,,
2025-02-24,142857128577.0,-565.9,-78.0,1901700089212.5,,,
2025-02-24,142857128577.0,-565.9,-78.0,1904446009993.75,,,
2025-02-24,142857128577.0,-565.9,-78.0,1875049833234.375,,,
2025-02-25,142667676864.0,-1113.7,-50.1,1816961262628.125,,,
2025-02-25,142667676864.0,-1113.7,-50.1,1825655718468.75,,,
2025-02-25,142667676864.0,-1113.7,-50.1,1768081854418.75,,,
2025-02-25,142667676864.0,-1113.7,-50.1,1721294375368.75,,,
2025-02-25,142667676864.0,-1113.7,-50.1,1757510958431.25,,,
2025-02-26,142332418484.0,-757.8,-94.3,1764259708575.0,,,
2025-02-26,142332418484.0,-757.8,-94.3,1733552739318.75,,,
2025-02-26,142332418484.0,-757.8,-94.3,1766502440837.5,,,
2025-02-26,142332418484.0,-757.8,-94.3,1760741028593.75,,,
2025-02-26,142332418484.0,-757.8,-94.3,1689044071712.5,,,
2025-02-27,142231635810.0,-275.9,-71.2,1681953563625.0,,,
2025-02-27,142231635810.0,-275.9,-71.2,1675185773756.25,,,
2025-02-27,142231635810.0,-275.9,-71.2,1715414886593.75,,,
2025-02-27,142231635810.0,-275.9,-71.2,1681423770150.0,,,
2025-02-27,142231635810.0,-275.9,-71.2,1718992915918.75,,,
2025-02-28,142525896059.0,94.3,-41.9,1608188039012.5,,,
2025-02-28,142525896059.0,94.3,-41.9,1578510217781.25,,,
2025-02-28,142525896059.0,94.3,-41.9,1609116456150.0,,,
2025-02-28,142525896059.0,94.3,-41.9,1662270260300.0,,,
2025-03-01,142586943414.0,,,1674137330287.5,,,
2025-03-01,142586943414.0,,,1706291306793.75,,,
2025-03-01,142586943414.0,,,1683236712500.0,,,
2025-03-01,142586943414.0,,,1692506222043.75,,,
2025-03-01,142586943414.0,,,1710739428512.5,,,
2025-03-02,142739869168.0,,,1717816582237.5,,,
2025-03-02,142739869168.0,,,1718145048418.75,,,
2025-03-02,142739869168.0,,,1870654530550.0,,,
2025-03-02,142739869168.0,,,1705014236750.0,,,
2025-03-03,142684548875.0,-74.2,-12.1,1845973769193.75,,,
2025-03-03,142684548875.0,-74.2,-12.1,1831049896812.5,,,
2025-03-03,142684548875.0,-74.2,-12.1,1852398018837.5,,,
2025-03-03,142684548875.0,-74.2,-12.1,1777939020843.75,,,
2025-03-03,142684548875.0,-74.2,-12.1,1718055704568.75,,,
2025-03-04,142848550247.0,-143.5,14.6,1666759032175.0,,,
2025-03-04,142848550247.0,-143.5,14.6,1665557679618.75,,,
2025-03-04,142848550247.0,-143.5,14.6,1636630925475.0,,,
2025-03-04,142848550247.0,-143.5,14.6,1726796728437.5,,,
2025-03-05,142862979376.0,-38.3,-63.3,1736523302250.0,,,
2025-03-05,142862979376.0,-38.3,-63.3,1740399392093.75,,,
2025-03-05,142862979376.0,-38.3,-63.3,1784694602737.5,,,
2025-03-05,142862979376.0,-38.3,-63.3,1789800883437.5,,,
2025-03-06,143086711350.0,-134.3,-10.0,1797009209800.0,,,
2025-03-06,143086711350.0,-134.3,-10.0,1836624836328.125,,,
2025-03-06,143086711350.0,-134.3,-10.0,1813964988543.75,,,
2025-03-06,143086711350.0,-134.3,-10.0,1806358227943.75,,,
2025-03-06,143086711350.0,-134.3,-10.0,1759045342912.5,,,
2025-03-06,143086711350.0,-134.3,-10.0,1796063132418.75,,,
2025-03-07,143108096504.0,-409.3,-23.1,1746330044531.25,,,
2025-03-07,143108096504.0,-409.3,-23.1,1769087863278.125,,,
2025-03-07,143108096504.0,-409.3,-23.1,1734169829887.5,,,
2025-03-07,143108096504.0,-409.3,-23.1,1707561760668.75,,,
2025-03-08,143185417260.0,,,1710525604871.875,,,
2025-03-08,143185417260.0,,,1711208581453.125,,,
2025-03-08,143185417260.0,,,1718040101928.125,,,
2025-03-08,143185417260.0,,,1710472141409.375,,,
2025-03-09,143259042700.0,,,1716907043071.875,,,
2025-03-09,143259042700.0,,,1712750498340.625,,,
2025-03-09,143259042700.0,,,1709129440156.25,,,
2025-03-09,143259042700.0,,,1666692247218.75,,,
2025-03-09,143259042700.0,,,1646409864009.375,,,
2025-03-10,143200297503.0,-372.5,-37.5,1626365292487.5,,,
2025-03-10,143200297503.0,-372.5,-37.5,1647962052687.5,,,
2025-03-10,143200297503.0,-372.5,-37.5,1571585812190.625,,,
2025-03-10,143200297503.0,-372.5,-37.5,1634426417081.25,,,
2025-03-10,143200297503.0,-372.5,-37.5,1584665060212.5,,,
2025-03-11,143300960349.0,-396.3,-21.6,1575548861725.0,,,
2025-03-11,143300960349.0,-396.3,-21.6,1599002118443.75,,,
2025-03-11,143300960349.0,-396.3,-21.6,1619242278281.25,,,
2025-03-11,143300960349.0,-396.3,-21.6,1655053502259.375,,,
2025-03-12,143525244008.0,13.3,-10.3,1647683006446.875,,,
2025-03-12,143525244008.0,13.3,-10.3,1625237567406.25,,,
2025-03-12,143525244008.0,13.3,-10.3,1644169108143.75,,,
2025-03-12,143525244008.0,13.3,-10.3,1621385955125.0,,,
2025-03-12,143525244008.0,13.3,-10.3,1646109777337.5,,,
2025-03-13,143678737175.0,-143.4,-73.6,1655437894906.25,,,
2025-03-13,143678737175.0,-143.4,-73.6,1659019900475.0,,,
2025-03-13,143678737175.0,-143.4,-73.6,1609950176500.0,,,
2025-03-13,143678737175.0,-143.4,-73.6,1608949986928.125,,,
2025-03-13,143678737175.0,-143.4,-73.6,1673670410156.25,,,
2025-03-14,143748815811.0,41.3,-46.9,1627692213000.0,,,
2025-03-14,143748815811.0,41.3,-46.9,1630874290500.0,,,
2025-03-14,143748815811.0,41.3,-46.9,1657285292800.0,,,
2025-03-14,143748815811.0,41.3,-46.9,1681970751000.0,,,
2025-03-15,143836896633.0,,,1679111329500.0,,,
2025-03-15,143836896633.0,,,1674520518000.0,,,
2025-03-15,143836896633.0,,,1673446354800.0,,,
2025-03-15,143836896633.0,,,1677133145600.0,,,
2025-03-15,143836896633.0,,,1675061612000.0,,,
2025-03-16,143827259557.0,,,1676329054715.625,,,
2025-03-16,143827259557.0,,,1674214880812.5,,,
2025-03-16,143827259557.0,,,1644823835118.75,,,
2025-03-16,143827259557.0,,,1655822272912.5,,,
2025-03-17,143825677336.0,274.6,-7.3,1655890133440.625,,,
2025-03-17,143825677336.0,274.6,-7.3,1656930057028.125,,,
2025-03-17,143825677336.0,274.6,-7.3,1655232331921.875,,,
2025-03-17,143825677336.0,274.6,-7.3,1679840055246.875,,,
2025-03-18,144041499822.0,209.1,-52.8,1642846799853.125,,,
2025-03-18,144041499822.0,209.1,-52.8,1650654852046.875,,,
2025-03-18,144041499822.0,209.1,-52.8,1636316587959.375,,,
2025-03-18,144041499822.0,209.1,-52.8,1622996632968.75,,,
2025-03-18,144041499822.0,209.1,-52.8,1665723646671.875,,,
2025-03-19,144100778448.0,11.8,-11.7,1663163672934.375,,,
2025-03-19,144100778448.0,11.8,-11.7,1680947898234.375,,,
2025-03-19,144100778448.0,11.8,-11.7,1647672635021.875,,,
2025-03-19,144100778448.0,11.8,-11.7,1658274917928.125,,,
2025-03-19,144100778448.0,11.8,-11.7,1725416039343.75,,,
2025-03-20,144204251547.0,165.7,-12.5,1700625599625.0,,,
2025-03-20,144204251547.0,165.7,-12.5,1709799978756.25,,,
2025-03-20,144204251547.0,165.7,-12.5,1715839807806.25,,,
2025-03-20,144204251547.0,165.7,-12.5,1674998700703.125,,,
2025-03-21,143883754562.0,83.1,-18.6,1676753037828.125,,,
2025-03-21,143883754562.0,83.1,-18.6,1665056001796.875,,,
2025-03-21,143883754562.0,83.1,-18.6,1667663422425.0,,,
2025-03-21,143883754562.0,83.1,-18.6,1668961428634.375,,,
2025-03-21,143883754562.0,83.1,-18.6,1670279287953.125,,,
2025-03-22,144166459229.0,,,1675386640462.5,,,
2025-03-22,144166459229.0,,,1676367260021.875,,,
2025-03-22,144166459229.0,,,1670344224871.875,,,
2025-03-22,144166459229.0,,,1672316854200.0,,,
2025-03-23,144217665673.0,,,1684901372934.375,,,
2025-03-23,144217665673.0,,,1673206703012.5,,,
2025-03-23,144217665673.0,,,1690950023984.375,,,
2025-03-23,144217665673.0,,,1694373978806.25,,,
2025-03-23,144217665673.0,,,1668654770265.625,,,
2025-03-24,144224155757.0,79.7,0.0,1702684642125.0,,,
2025-03-24,144224155757.0,79.7,0.0,1727772512375.0,,,
2025-03-24,144224155757.0,79.7,0.0,1742305058837.5,,,
2025-03-24,144224155757.0,79.7,0.0,1748008324528.125,,,
2025-03-24,144224155757.0,79.7,0.0,1744267089156.25,,,
2025-03-25,144459985751.0,26.8,-3.3,1742627024625.0,,,
2025-03-25,144459985751.0,26.8,-3.3,1718124639000.0,,,
2025-03-25,144459985751.0,26.8,-3.3,1744302527875.0,,,
2025-03-25,144459985751.0,26.8,-3.3,1737545192612.5,,,
2025-03-25,144459985751.0,26.8,-3.3,1722260645000.0,,,
2025-03-26,144698008877.0,89.6,-5.9,1734339527287.5,,,
2025-03-26,144698008877.0,89.6,-5.9,1748317185587.5,,,
2025-03-26,144698008877.0,89.6,-5.9,1726797087625.0,,,
2025-03-26,144698008877.0,89.6,-5.9,1735953415784.375,,,
2025-03-27,144839155508.0,81.7,-4.2,1735148621343.75,,,
2025-03-27,144839155508.0,81.7,-4.2,1736268552418.75,,,
2025-03-27,144839155508.0,81.7,-4.2,1726871855412.5,,,
2025-03-27,144839155508.0,81.7,-4.2,1728844996959.375,,,
2025-03-27,144839155508.0,81.7,-4.2,1734469254781.25,,,
2025-03-28,144807717547.0,-94.9,4.7,1733168356750.0,,,
2025-03-28,144807717547.0,-94.9,4.7,1706408728171.875,,,
2025-03-28,144807717547.0,-94.9,4.7,1676673139600.0,,,
2025-03-28,144807717547.0,-94.9,4.7,1671482638050.0,,,
2025-03-28,144807717547.0,-94.9,4.7,1676809363418.75,,,
2025-03-29,144457723251.0,,,1671499748081.25,,,
2025-03-29,144457723251.0,,,1658709031340.625,,,
2025-03-29,144457723251.0,,,1639508661415.625,,,
2025-03-29,144457723251.0,,,1641183805078.125,,,
2025-03-30,144464659666.0,,,1655765862721.875,,,
2025-03-30,144464659666.0,,,1653455623159.375,,,
2025-03-30,144464659666.0,,,1642784581100.0,,,
2025-03-30,144464659666.0,,,1646487154659.375,,,
2025-03-31,144616291852.0,-71.2,6.4,1633426336625.0,,,
2025-03-31,144616291852.0,-71.2,6.4,1631390591728.125,,,
2025-03-31,144616291852.0,-71.2,6.4,1641023408768.75,,,
2025-03-31,144616291852.0,-71.2,6.4,1655458722815.625,,,
2025-03-31,144616291852.0,-71.2,6.4,1640484295181.25,,,
2025-04-01,144731665618.0,-157.8,-3.6,1651685565031.25,,,
2025-04-01,144731665618.0,-157.8,-3.6,1672749363403.125,,,
2025-04-01,144731665618.0,-157.8,-3.6,1643526056868.75,,,
2025-04-01,144731665618.0,-157.8,-3.6,1686042616500.0,,,
2025-04-02,144727200008.0,220.8,-51.3,1679817321703.125,,,
2025-04-02,144727200008.0,220.8,-51.3,1670302413006.25,,,
2025-04-02,144727200008.0,220.8,-51.3,1725022774406.25,,,
2025-04-02,144727200008.0,220.8,-51.3,1717234630281.25,,,
2025-04-02,144727200008.0,220.8,-51.3,1684820707968.75,,,
2025-04-03,144754922251.0,-99.8,-3.6,1654043252390.625,,,
2025-04-03,144754922251.0,-99.8,-3.6,1641772500234.375,,,
2025-04-03,144754922251.0,-99.8,-3.6,1648038556687.5,,,
2025-04-03,144754922251.0,-99.8,-3.6,1622691921175.0,,,
2025-04-03,144754922251.0,-99.8,-3.6,1650210068756.25,,,
2025-04-04,144734168751.0,-64.9,2.1,1661167449884.375,,,
2025-04-04,144734168751.0,-64.9,2.1,1652874824737.5,,,
2025-04-04,144734168751.0,-64.9,2.1,1650977903837.5,,,
2025-04-04,144734168751.0,-64.9,2.1,1665768765512.5,,,
2025-04-04,144734168751.0,-64.9,2.1,1670044209290.625,,,
2025-04-04,144734168751.0,-64.9,2.1,1653435666703.125,,,
2025-04-05,144716239738.0,,,1659930732084.375,,,
2025-04-05,144716239738.0,,,1656664349550.0,,,
2025-04-05,144716239738.0,,,1652028487781.25,,,
2025-04-05,144716239738.0,,,1646221856750.0,,,
2025-04-05,144716239738.0,,,1649504947500.0,,,
2025-04-06,144655271475.0,,,1654673569500.0,,,
2025-04-06,144655271475.0,,,1643884893700.0,,,
2025-04-06,144655271475.0,,,1633870163550.0,,,
2025-04-06,144655271475.0,,,1565463546100.0,,,
2025-04-07,144517737938.0,-109.2,0.0,1564006738196.875,,,
2025-04-07,144517737938.0,-109.2,0.0,1580032326437.5,,,
2025-04-07,144517737938.0,-109.2,0.0,1546576375500.0,,,
2025-04-07,144517737938.0,-109.2,0.0,1490117034450.0,,,
2025-04-07,144517737938.0,-109.2,0.0,1527200753203.125,,,
2025-04-08,144751594183.0,-328.0,-3.3,1594192093743.75,,,
2025-04-08,144751594183.0,-328.0,-3.3,1572624962400.0,,,
2025-04-08,144751594183.0,-328.0,-3.3,1582934234393.75,,,
2025-04-08,144751594183.0,-328.0,-3.3,1518196219006.25,,,
2025-04-09,144670289020.0,-127.2,-11.2,1542905555821.875,,,
2025-04-09,144670289020.0,-127.2,-11.2,1495022520431.25,,,
2025-04-09,144670289020.0,-127.2,-11.2,1628807657812.5,,,
2025-04-09,144670289020.0,-127.2,-11.2,1526240266246.875,,,
2025-04-10,144975956402.0,-149.5,-38.8,1636795195731.25,,,
2025-04-10,144975956402.0,-149.5,-38.8,1630451702931.25,,,
2025-04-10,144975956402.0,-149.5,-38.8,1621349095603.125,,,
2025-04-10,144975956402.0,-149.5,-38.8,1562801579996.875,,,
2025-04-10,144975956402.0,-149.5,-38.8,1583810457112.5,,,
2025-04-11,144791330664.0,-1.0,-29.2,1596661119325.0,,,
2025-04-11,144791330664.0,-1.0,-29.2,1618384721250.0,,,
2025-04-11,144791330664.0,-1.0,-29.2,1628099420537.5,,,
2025-04-11,144791330664.0,-1.0,-29.2,1661753443562.5,,,
2025-04-12,144941453849.0,,,1656677059371.875,,,
2025-04-12,144941453849.0,,,1650177733837.5,,,
2025-04-12,144941453849.0,,,1696533485156.25,,,
2025-04-12,144941453849.0,,,1683423746743.75,,,
2025-04-12,144941453849.0,,,1652253669653.125,,,
2025-04-13,145156651309.0,,,1692731004037.5,,,
2025-04-13,145156651309.0,,,1680134404406.25,,,
2025-04-13,145156651309.0,,,1674723892556.25,,,
2025-04-13,145156651309.0,,,1663715398800.0,,,
2025-04-13,145156651309.0,,,1670731147600.0,,,
2025-04-14,144991807560.0,1.5,-6.0,1689019500800.0,,,
2025-04-14,144991807560.0,1.5,-6.0,1672645260000.0,,,
2025-04-14,144991807560.0,1.5,-6.0,1683648306900.0,,,
2025-04-14,144991807560.0,1.5,-6.0,1677800625200.0,,,
2025-04-14,144991807560.0,1.5,-6.0,1675710755400.0,,,
2025-04-15,144988134604.0,76.4,-14.2,1691208839500.0,,,
2025-04-15,144988134604.0,76.4,-14.2,1700686572000.0,,,
2025-04-15,144988134604.0,76.4,-14.2,1702978084500.0,,,
2025-04-15,144988134604.0,76.4,-14.2,1683254238771.875,,,
2025-04-16,145230969405.0,-169.8,-12.1,1657364332893.75,,,
2025-04-16,145230969405.0,-169.8,-12.1,1690454800500.0,,,
2025-04-16,145230969405.0,-169.8,-12.1,1652690787059.375,,,
2025-04-16,145230969405.0,-169.8,-12.1,1676785078846.875,,,
2025-04-16,145230969405.0,-169.8,-12.1,1667358289365.625,,,
2025-04-17,145411564253.0,106.9,0.0,1669825331650.0,,,
2025-04-17,145411564253.0,106.9,0.0,1683095214937.5,,,
2025-04-17,145411564253.0,106.9,0.0,1679470666565.625,,,
2025-04-17,145411564253.0,106.9,0.0,1684700387187.5,,,
2025-04-17,145411564253.0,106.9,0.0,1683676527425.0,,,
2025-04-18,145389131100.0,0.0,0.0,1675990523812.5,,,
2025-04-18,145389131100.0,0.0,0.0,1676832796143.75,,,
2025-04-18,145389131100.0,0.0,0.0,1678880605668.75,,,
2025-04-18,145389131100.0,0.0,0.0,1674915481640.625,,,
2025-04-19,145019803019.0,,,1679609297678.125,,,
2025-04-19,145019803019.0,,,1691212145203.125,,,
2025-04-19,145019803019.0,,,1693424402550.0,,,
2025-04-19,145019803019.0,,,1688826896225.0,,,
2025-04-20,145212905298.0,,,1687465497109.375,,,
2025-04-20,145212905298.0,,,1688188733521.875,,,
2025-04-20,145212905298.0,,,1665841741703.125,,,
2025-04-20,145212905298.0,,,1682825304875.0,,,
2025-04-21,145204655279.0,387.4,-25.4,1728835737815.625,,,
2025-04-21,145204655279.0,387.4,-25.4,1732894702953.125,,,
2025-04-21,145204655279.0,387.4,-25.4,1729786305462.5,,,
2025-04-21,145204655279.0,387.4,-25.4,1732415799075.0,,,
2025-04-22,145254984859.0,936.5,38.8,1753390879975.0,,,
2025-04-22,145254984859.0,936.5,38.8,1754273313712.5,,,
2025-04-22,145254984859.0,936.5,38.8,1758213380531.25,,,
2025-04-22,145254984859.0,936.5,38.8,1804702330046.875,,,
2025-04-22,145254984859.0,936.5,38.8,1842157766840.625,,,
2025-04-23,145771856311.0,917.0,-23.9,1848242675896.875,,,
2025-04-23,145771856311.0,917.0,-23.9,1859092870903.125,,,
2025-04-23,145771856311.0,917.0,-23.9,1858705130140.625,,,
2025-04-23,145771856311.0,917.0,-23.9,1857205488403.125,,,
2025-04-24,146144939953.0,442.0,63.5,1837915390265.625,,,
2025-04-24,146144939953.0,442.0,63.5,1838619589375.0,,,
2025-04-24,146144939953.0,442.0,63.5,1854513331875.0,,,
2025-04-24,146144939953.0,442.0,63.5,1851028068125.0,,,
2025-04-25,146727569017.0,380.0,104.1,1862324865900.0,,,
2025-04-25,146727569017.0,380.0,104.1,1852407440940.625,,,
2025-04-25,146727569017.0,380.0,104.1,1886071964368.75,,,
2025-04-25,146727569017.0,380.0,104.1,1875399790312.5,,,
2025-04-26,146823288025.0,,,1882507345943.75,,,
2025-04-26,146823288025.0,,,1879816368993.75,,,
2025-04-26,146823288025.0,,,1871823704375.0,,,
2025-04-26,146823288025.0,,,1875347732781.25,,,
2025-04-26,146823288025.0,,,1882545268743.75,,,
2025-04-27,147695285561.0,,,1873618246125.0,,,
2025-04-27,147695285561.0,,,1861852477018.75,,,
2025-04-27,147695285561.0,,,1867960070350.0,,,
2025-04-27,147695285561.0,,,1864573963681.25,,,
2025-04-28,147890535534.0,591.2,64.1,1869189125525.0,,,
2025-04-28,147890535534.0,591.2,64.1,1895350479356.25,,,
2025-04-28,147890535534.0,591.2,64.1,1868592375431.25,,,
2025-04-28,147890535534.0,591.2,64.1,1875412875875.0,,,
2025-04-29,148611733563.0,172.8,18.4,1893194788368.75,,,
2025-04-29,148611733563.0,172.8,18.4,1878498357531.25,,,
2025-04-29,148611733563.0,172.8,18.4,1885876865562.5,,,
2025-04-29,148611733563.0,172.8,18.4,1888973819531.25,,,
2025-04-29,148611733563.0,172.8,18.4,1890890504537.5,,,
2025-04-30,148905522663.0,-56.3,-2.3,1886570167768.75,,,
2025-04-30,148905522663.0,-56.3,-2.3,1889637816431.25,,,
2025-04-30,148905522663.0,-56.3,-2.3,1871576364443.75,,,
2025-04-30,148905522663.0,-56.3,-2.3,1880680893406.25,,,
2025-05-01,149333119679.0,422.5,6.5,1883192523093.75,,,
2025-05-01,149333119679.0,422.5,6.5,1888265925287.5,,,
2025-05-01,149333119679.0,422.5,6.5,1916276068700.0,,,
2025-05-01,149333119679.0,422.5,6.5,1920734068500.0,,,
2025-05-02,149440079658.0,674.9,20.1,1927058840887.5,,,
2025-05-02,149440079658.0,674.9,20.1,1923215916875.0,,,
2025-05-02,149440079658.0,674.9,20.1,1923205742268.75,,,
2025-05-02,149440079658.0,674.9,20.1,1936262859375.0,,,
2025-05-02,149440079658.0,674.9,20.1,1927236973796.875,,,
2025-05-03,149711823199.0,,,1918786612503.125,,,
2025-05-03,149711823199.0,,,1910723115987.5,,,
2025-05-03,149711823199.0,,,1913552801718.75,,,
2025-05-03,149711823199.0,,,1915340737171.875,,,
2025-05-03,149711823199.0,,,1915032055612.5,,,
2025-05-04,149981823181.0,,,1909103915812.5,,,
2025-05-04,149981823181.0,,,1905240845775.0,,,
2025-05-04,149981823181.0,,,1898875673953.125,,,
2025-05-04,149981823181.0,,,1899799099506.25,,,
2025-05-05,149974724245.0,425.5,0.0,1883234865150.0,,,
2025-05-05,149974724245.0,425.5,0.0,1883284068387.5,,,
2025-05-05,149974724245.0,425.5,0.0,1882569995531.25,,,
2025-05-05,149974724245.0,425.5,0.0,1888446933843.75,,,
2025-05-05,149974724245.0,425.5,0.0,1889111846062.5,,,
2025-05-05,149974724245.0,425.5,0.0,1875250040893.75,,,
2025-05-06,149821728381.0,-85.7,-17.9,1880601066618.75,,,
2025-05-06,149821728381.0,-85.7,-17.9,1873540048443.75,,,
2025-05-06,149821728381.0,-85.7,-17.9,1864651745343.75,,,
2025-05-06,149821728381.0,-85.7,-17.9,1889427948925.0,,,
2025-05-07,150106836051.0,142.3,-21.8,1938852174375.0,,,
2025-05-07,150106836051.0,142.3,-21.8,1931959517431.25,,,
2025-05-07,150106836051.0,142.3,-21.8,1925952079187.5,,,
2025-05-07,150106836051.0,142.3,-21.8,1921462908431.25,,,
2025-05-07,150106836051.0,142.3,-21.8,1928146532250.0,,,
2025-05-08,150178795118.0,117.4,-16.1,1964264399218.75,,,
2025-05-08,150178795118.0,117.4,-16.1,1972238878237.5,,,
2025-05-08,150178795118.0,117.4,-16.1,1975287681606.25,,,
2025-05-08,150178795118.0,117.4,-16.1,2005269413000.0,,,
2025-05-08,150178795118.0,117.4,-16.1,2046394094812.5,,,
2025-05-09,150350804952.0,334.5,17.6,2040842976562.5,,,
2025-05-09,150350804952.0,334.5,17.6,2037675280562.5,,,
2025-05-09,150350804952.0,334.5,17.6,2038678660500.0,,,
2025-05-09,150350804952.0,334.5,17.6,2052593333500.0,,,
2025-05-10,150393604947.0,,,2058374191750.0,,,
2025-05-10,150393604947.0,,,2050251118500.0,,,
2025-05-10,150393604947.0,,,2046247627500.0,,,
2025-05-10,150393604947.0,,,2048076507750.0,,,
2025-05-10,150393604947.0,,,2056795528750.0,,,
2025-05-11,150514671503.0,,,2065169106250.0,,,
2025-05-11,150514671503.0,,,2061802755000.0,,,
2025-05-11,150514671503.0,,,2062607668000.0,,,
2025-05-11,150514671503.0,,,2074536433375.0,,,
2025-05-12,150615671502.0,5.2,-17.6,2067594642531.25,,,
2025-05-12,150615671502.0,5.2,-17.6,2065817325000.0,,,
2025-05-12,150615671502.0,5.2,-17.6,2071389568875.0,,,
2025-05-12,150615671502.0,5.2,-17.6,2044583828906.25,,,
2025-05-12,150615671502.0,5.2,-17.6,2037840386343.75,,,
2025-05-13,150663236041.0,-91.4,13.5,2028912471062.5,,,
2025-05-13,150663236041.0,-91.4,13.5,2040642524343.75,,,
2025-05-13,150663236041.0,-91.4,13.5,2058530608281.25,,,
2025-05-13,150663236041.0,-91.4,13.5,2072644648687.5,,,
2025-05-14,150926534831.0,319.5,63.5,2059743200343.75,,,
2025-05-14,150926534831.0,319.5,63.5,2059157633312.5,,,
2025-05-14,150926534831.0,319.5,63.5,2048838389437.5,,,
2025-05-14,150926534831.0,319.5,63.5,2051033824218.75,,,
2025-05-15,151333639504.0,114.9,-39.8,2057003923125.0,,,
2025-05-15,151333639504.0,114.9,-39.8,2042910172500.0,,,
2025-05-15,151333639504.0,114.9,-39.8,2019877013000.0,,,
2025-05-15,151333639504.0,114.9,-39.8,2028429190125.0,,,
2025-05-15,151333639504.0,114.9,-39.8,2049496875281.25,,,
2025-05-16,151745623801.0,260.2,22.2,2065211207375.0,,,
2025-05-16,151745623801.0,260.2,22.2,2066591385218.75,,,
2025-05-16,151745623801.0,260.2,22.2,2060663226187.5,,,
2025-05-16,151745623801.0,260.2,22.2,2066413535812.5,,,
2025-05-17,151802073801.0,,,2044781004187.5,,,
2025-05-17,151802073801.0,,,2054128243750.0,,,
2025-05-17,151802073801.0,,,2045993546812.5,,,
2025-05-17,151802073801.0,,,2050771696312.5,,,
2025-05-17,151802073801.0,,,2046212806250.0,,,
2025-05-18,151901465555.0,,,2058153212500.0,,,
2025-05-18,151901465555.0,,,2078437807125.0,,,
2025-05-18,151901465555.0,,,2054765591062.5,,,
2025-05-18,151901465555.0,,,2104076239562.5,,,
2025-05-18,151901465555.0,,,2080016660625.0,,,
2025-05-19,152051465524.0,667.4,13.7,2068326691812.5,,,
2025-05-19,152051465524.0,667.4,13.7,2051648954062.5,,,
2025-05-19,152051465524.0,667.4,13.7,2052851297687.5,,,
2025-05-19,152051465524.0,667.4,13.7,2093589070375.0,,,
2025-05-20,152286729390.0,329.2,64.8,2080707238218.75,,,
2025-05-20,152286729390.0,329.2,64.8,2091644807000.0,,,
2025-05-20,152286729390.0,329.2,64.8,2111281366312.5,,,
2025-05-20,152286729390.0,329.2,64.8,2095000853437.5,,,
2025-05-20,152286729390.0,329.2,64.8,2111125530937.5,,,
2025-05-21,152473429748.0,607.1,0.6,2111941492812.5,,,
2025-05-21,152473429748.0,607.1,0.6,2123255421531.25,,,
2025-05-21,152473429748.0,607.1,0.6,2150308228500.0,,,
2025-05-21,152473429748.0,607.1,0.6,2165396630906.25,,,
2025-05-22,152809591181.0,934.8,110.5,2183896056000.0,,,
2025-05-22,152809591181.0,934.8,110.5,2202583109000.0,,,
2025-05-22,152809591181.0,934.8,110.5,2204183655000.0,,,
2025-05-22,152809591181.0,934.8,110.5,2212539456000.0,,,
2025-05-22,152809591181.0,934.8,110.5,2203013736000.0,,,
2025-05-23,153131132875.0,211.7,58.6,2204018251500.0,,,
2025-05-23,153131132875.0,211.7,58.6,2153794518750.0,,,
2025-05-23,153131132875.0,211.7,58.6,2198267436000.0,,,
2025-05-23,153131132875.0,211.7,58.6,2159346957625.0,,,
2025-05-23,153131132875.0,211.7,58.6,2152580375000.0,,,
2025-05-24,153333908216.0,,,2151421072375.0,,,
2025-05-24,153333908216.0,,,2150835825781.25,,,
2025-05-24,153333908216.0,,,2162569510125.0,,,
2025-05-24,153333908216.0,,,2159798684687.5,,,
2025-05-25,153364622848.0,,,2133979265625.0,,,
2025-05-25,153364622848.0,,,2141341740281.25,,,
2025-05-25,153364622848.0,,,2120887108125.0,,,
2025-05-25,153364622848.0,,,2129045386718.75,,,
2025-05-25,153364622848.0,,,2133626170812.5,,,
2025-05-26,153364622847.0,0.0,0.0,2173178140406.25,,,
2025-05-26,153364622847.0,0.0,0.0,2182528008250.0,,,
2025-05-26,153364622847.0,0.0,0.0,2177372749187.5,,,
2025-05-26,153364622847.0,0.0,0.0,2167845979687.5,,,
2025-05-26,153364622847.0,0.0,0.0,2172228370125.0,,,
2025-05-27,153336099489.0,385.4,38.8,2164688525187.5,,,
2025-05-27,153336099489.0,385.4,38.8,2179006226437.5,,,
2025-05-27,153336099489.0,385.4,38.8,2187760285312.5,,,
2025-05-27,153336099489.0,385.4,38.8,2182207824125.0,,,
2025-05-28,153545087010.0,432.7,84.9,2161155685250.0,,,
2025-05-28,153545087010.0,432.7,84.9,2162160109687.5,,,
2025-05-28,153545087010.0,432.7,84.9,2162170990687.5,,,
2025-05-28,153545087010.0,432.7,84.9,2141317144500.0,,,
2025-05-28,153545087010.0,432.7,84.9,2130398722687.5,,,
2025-05-29,153582796589.0,-346.8,91.9,2158847229000.0,,,
2025-05-29,153582796589.0,-346.8,91.9,2149695489375.0,,,
2025-05-29,153582796589.0,-346.8,91.9,2114554912687.5,,,
2025-05-29,153582796589.0,-346.8,91.9,2116730155250.0,,,
2025-05-29,153582796589.0,-346.8,91.9,2148094961875.0,,,
2025-05-30,153692315960.0,-616.1,70.2,2106020650125.0,,,
2025-05-30,153692315960.0,-616.1,70.2,2099870937812.5,,,
2025-05-30,153692315960.0,-616.1,70.2,2101868711687.5,,,
2025-05-30,153692315960.0,-616.1,70.2,2068891488562.5,,,
2025-05-30,153692315960.0,-616.1,70.2,2066914672687.5,,,
2025-05-31,153658825957.0,,,2070522938062.5,,,
2025-05-31,153658825957.0,,,2058589037812.5,,,
2025-05-31,153658825957.0,,,2083858531125.0,,,
2025-05-31,153658825957.0,,,2081860778250.0,,,
2025-05-31,153658825957.0,,,2058181231437.5,,,
2025-06-01,153723758271.0,,,2075919869625.0,,,
2025-06-01,153723758271.0,,,2069771322656.25,,,
2025-06-01,153723758271.0,,,2082500511656.25,,,
2025-06-01,153723758271.0,,,2101589247656.25,,,
2025-06-02,153763502089.0,-267.5,78.2,2083713866718.75,,,
2025-06-02,153763502089.0,-267.5,78.2,2075377530281.25,,,
2025-06-02,153763502089.0,-267.5,78.2,2075586708125.0,,,
2025-06-02,153763502089.0,-267.5,78.2,2083546585875.0,,,
2025-06-03,154072283690.0,375.1,109.5,2091726330468.75,,,
2025-06-03,154072283690.0,375.1,109.5,2103462506250.0,,,
2025-06-03,154072283690.0,375.1,109.5,2093337307218.75,,,
2025-06-03,154072283690.0,375.1,109.5,2109790333250.0,,,
2025-06-03,154072283690.0,375.1,109.5,2092113281156.25,,,
2025-06-04,154288119435.0,87.0,57.0,2093546582062.5,,,
2025-06-04,154288119435.0,87.0,57.0,2095147058812.5,,,
2025-06-04,154288119435.0,87.0,57.0,2089394029343.75,,,
2025-06-05,154488400144.0,-278.4,11.3,2078473575937.5,,,
2025-06-05,154488400144.0,-278.4,11.3,2073515387843.75,,,
2025-06-05,154488400144.0,-278.4,11.3,2078096998250.0,,,
2025-06-05,154488400144.0,-278.4,11.3,2046706260375.0,,,
2025-06-05,154488400144.0,-278.4,11.3,2021077945437.5,,,
2025-06-06,154761323879.0,-47.8,25.3,2045335606812.5,,,
2025-06-06,154761323879.0,-47.8,25.3,2064425987812.5,,,
2025-06-06,154761323879.0,-47.8,25.3,2090274126687.5,,,
2025-06-06,154761323879.0,-47.8,25.3,2076173185125.0,,,
2025-06-07,155115000492.0,,,2084133788625.0,,,
2025-06-07,155115000492.0,,,2085138049312.5,,,
2025-06-07,155115000492.0,,,2101247771250.0,,,
2025-06-07,155115000492.0,,,2106028509750.0,,,
2025-06-08,155407500492.0,,,2091749582250.0,,,
2025-06-08,155407500492.0,,,2101279487250.0,,,
2025-06-08,155407500492.0,,,2114628253062.5,,,
2025-06-08,155407500492.0,,,2103685762500.0,,,
2025-06-08,155407500492.0,,,2100871399375.0,,,
2025-06-09,155407500531.0,386.2,52.7,2102315589937.5,,,
2025-06-09,155407500531.0,386.2,52.7,2100537291500.0,,,
2025-06-09,155407500531.0,386.2,52.7,2143481086000.0,,,
2025-06-09,155407500531.0,386.2,52.7,2147467188750.0,,,
2025-06-10,156015285591.0,431.2,125.0,2175128483062.5,,,
2025-06-10,156015285591.0,431.2,125.0,2175316308000.0,,,
2025-06-10,156015285591.0,431.2,125.0,2192796854500.0,,,
2025-06-10,156015285591.0,431.2,125.0,2162418150062.5,,,
2025-06-10,156015285591.0,431.2,125.0,2178142891125.0,,,
2025-06-10,156015285591.0,431.2,125.0,2184691374062.5,,,
2025-06-11,155670088658.0,164.6,240.3,2177159984437.5,,,
2025-06-11,155670088658.0,164.6,240.3,2170412623562.5,,,
2025-06-11,155670088658.0,164.6,240.3,2179169639812.5,,,
2025-06-11,155670088658.0,164.6,240.3,2160098112812.5,,,
2025-06-12,156031051481.0,86.3,112.3,2141832276562.5,,,
2025-06-12,156031051481.0,86.3,112.3,2139269687375.0,,,
2025-06-12,156031051481.0,86.3,112.3,2155139556375.0,,,
2025-06-12,156031051481.0,86.3,112.3,2105487690000.0,,,
2025-06-12,156031051481.0,86.3,112.3,2129121199562.5,,,
2025-06-13,156034350481.0,322.7,-2.1,2091008238562.5,,,
2025-06-13,156034350481.0,322.7,-2.1,2083266472500.0,,,
2025-06-13,156034350481.0,322.7,-2.1,2067729713875.0,,,
2025-06-13,156034350481.0,322.7,-2.1,2078871960375.0,,,
2025-06-14,156311510783.0,,,2088080640750.0,,,
2025-06-14,156311510783.0,,,2097036698968.75,,,
2025-06-14,156311510783.0,,,2098584461812.5,,,
2025-06-14,156311510783.0,,,2093426555187.5,,,
2025-06-14,156311510783.0,,,2090654381968.75,,,
2025-06-15,156288710782.0,,,2093479539281.25,,,
2025-06-15,156288710782.0,,,2101221860937.5,,,
2025-06-15,156288710782.0,,,2082169337937.5,,,
2025-06-15,156288710782.0,,,2104224897343.75,,,
2025-06-16,156262534400.0,412.2,21.4,2106433144500.0,,,
2025-06-16,156262534400.0,412.2,21.4,2121552246000.0,,,
2025-06-16,156262534400.0,412.2,21.4,2124544874875.0,,,
2025-06-16,156262534400.0,412.2,21.4,2145429365000.0,,,
2025-06-16,156262534400.0,412.2,21.4,2139476183250.0,,,
2025-06-17,156350343711.0,216.5,11.1,2118612932125.0,,,
2025-06-17,156350343711.0,216.5,11.1,2095761459750.0,,,
2025-06-17,156350343711.0,216.5,11.1,2091398355000.0,,,
2025-06-18,156397425951.0,388.3,19.1,2097582322875.0,,,
2025-06-18,156397425951.0,388.3,19.1,2090216056250.0,,,
2025-06-18,156397425951.0,388.3,19.1,2080495633125.0,,,
2025-06-18,156397425951.0,388.3,19.1,2088667983562.5,,,
2025-06-18,156397425951.0,388.3,19.1,2079114455250.0,,,
2025-06-19,156493925950.0,0.0,0.0,2087485640625.0,,,
2025-06-19,156493925950.0,0.0,0.0,2086899713156.25,,,
2025-06-19,156493925950.0,0.0,0.0,2071204207812.5,,,
2025-06-19,156493925950.0,0.0,0.0,2085529029062.5,,,
2025-06-20,156674248726.0,6.4,-11.3,2082954961031.25,,,
2025-06-20,156674248726.0,6.4,-11.3,2109009961500.0,,,
2025-06-20,156674248726.0,6.4,-11.3,2108622941187.5,,,
2025-06-20,156674248726.0,6.4,-11.3,2055549900468.75,,,
2025-06-21,156688688065.0,,,2069697331875.0,,,
2025-06-21,156688688065.0,,,2060342514062.5,,,
2025-06-21,156688688065.0,,,2019019004062.5,,,
2025-06-21,156688688065.0,,,2061158516812.5,,,
2025-06-21,156688688065.0,,,2052776813281.25,,,
2025-06-22,156600188057.0,,,2045671198187.5,,,
2025-06-22,156600188057.0,,,2000350028437.5,,,
2025-06-22,156600188057.0,,,1979781889531.25,,,
2025-06-23,156907307133.0,350.6,100.7,2017667854750.0,,,
2025-06-23,156907307133.0,350.6,100.7,2030005164375.0,,,
2025-06-23,156907307133.0,350.6,100.7,2013313974625.0,,,
2025-06-24,155908804295.0,588.6,71.3,2093252630000.0,,,
2025-06-24,155908804295.0,588.6,71.3,2104596364687.5,,,
2025-06-24,155908804295.0,588.6,71.3,2093074856812.5,,,
2025-06-24,155908804295.0,588.6,71.3,2107003496937.5,,,
2025-06-25,157394434423.0,547.7,60.4,2145608926312.5,,,
2025-06-25,157394434423.0,547.7,60.4,2136473344687.5,,,
2025-06-25,157394434423.0,547.7,60.4,2118347471625.0,,,
2025-06-25,157394434423.0,547.7,60.4,2119551118750.0,,,
2025-06-26,157917318269.0,226.7,-26.4,2136682924875.0,,,
2025-06-26,157917318269.0,226.7,-26.4,2144050609812.5,,,
2025-06-26,157917318269.0,226.7,-26.4,2134517207812.5,,,
2025-06-26,157917318269.0,226.7,-26.4,2126972091687.5,,,
2025-06-26,157917318269.0,226.7,-26.4,2134936356187.5,,,
2025-06-27,158266828122.0,501.2,77.5,2126606500312.5,,,
2025-06-27,158266828122.0,501.2,77.5,2128584207187.5,,,
2025-06-27,158266828122.0,501.2,77.5,2130008224500.0,,,
2025-06-27,158266828122.0,501.2,77.5,2118862350000.0,,,
2025-06-28,158303889518.0,,,2130814313250.0,,,
2025-06-28,158303889518.0,,,2136392694500.0,,,
2025-06-28,158303889518.0,,,2134415312062.5,,,
2025-06-28,158303889518.0,,,2134028351625.0,,,
2025-06-29,158444090587.0,,,2150764304000.0,,,
2025-06-29,158444090587.0,,,2133851301750.0,,,
2025-06-29,158444090587.0,,,2136624110468.75,,,
2025-06-29,158444090587.0,,,2148388905000.0,,,
2025-06-29,158444090587.0,,,2149404779250.0,,,
2025-06-29,158444090587.0,,,2138059392000.0,,,
2025-06-30,158520790585.0,102.1,31.8,2159557155000.0,,,
2025-06-30,158520790585.0,102.1,31.8,2140875621500.0,,,
2025-06-30,158520790585.0,102.1,31.8,2140488675000.0,,,
2025-06-30,158520790585.0,102.1,31.8,2140101724500.0,,,
2025-07-01,158754090584.0,-342.2,40.7,2127992834250.0,,,
2025-07-01,158754090584.0,-342.2,40.7,2121441480375.0,,,
2025-07-01,158754090584.0,-342.2,40.7,2138919337000.0,,,
2025-07-01,158754090584.0,-342.2,40.7,2115486309937.5,,,
2025-07-02,158695019985.0,407.8,-1.9,2105354971593.75,,,
2025-07-02,158695019985.0,407.8,-1.9,2166438373937.5,,,
2025-07-02,158695019985.0,407.8,-1.9,2125649613281.25,,,
2025-07-02,158695019985.0,407.8,-1.9,2140773987656.25,,,
2025-07-02,158695019985.0,407.8,-1.9,2175597458750.0,,,
2025-07-03,159155198929.0,601.8,148.5,2171631052500.0,,,
2025-07-03,159155198929.0,601.8,148.5,2180591046562.5,,,
2025-07-03,159155198929.0,601.8,148.5,2184778267125.0,,,
2025-07-03,159155198929.0,601.8,148.5,2181010717187.5,,,
2025-07-03,159155198929.0,601.8,148.5,2188777665375.0,,,
2025-07-04,159305664246.0,,,2175066481812.5,,,
2025-07-04,159305664246.0,,,2152438330187.5,,,
2025-07-04,159305664246.0,,,2167917979562.5,,,
2025-07-04,159305664246.0,,,2148847751562.5,,,
2025-07-04,159305664246.0,,,2150030192437.5,,,
2025-07-05,159478756035.0,,,2152648030500.0,,,
2025-07-05,159478756035.0,,,2156437542437.5,,,
2025-07-05,159478756035.0,,,2154459592312.5,,,
2025-07-05,159478756035.0,,,2149299537187.5,,,
2025-07-05,159478756035.0,,,2154481258312.5,,,
2025-07-06,159478756029.0,,,2152105503562.5,,,
2025-07-06,159478756029.0,,,2152514091187.5,,,
2025-07-06,159478756029.0,,,2154314873000.0,,,
2025-07-06,159478756029.0,,,2161485576250.0,,,
2025-07-06,159478756029.0,,,2177805121875.0,,,
2025-07-07,159456653254.0,216.5,62.1,2179606400156.25,,,
2025-07-07,159456653254.0,216.5,62.1,2172656267125.0,,,
2025-07-07,159456653254.0,216.5,62.1,2158943826406.25,,,
2025-07-07,159456653254.0,216.5,62.1,2150800177312.5,,,
2025-07-08,159520682149.0,80.1,46.7,2156379948937.5,,,
2025-07-08,159520682149.0,80.1,46.7,2148236204843.75,,,
2025-07-08,159520682149.0,80.1,46.7,2160578393156.25,,,
2025-07-08,159520682149.0,80.1,46.7,2158600312718.75,,,
2025-07-08,159520682149.0,80.1,46.7,2165373607406.25,,,
2025-07-09,159455682148.0,215.7,211.3,2159616839750.0,,,
2025-07-09,159455682148.0,215.7,211.3,2167782490125.0,,,
2025-07-09,159455682148.0,215.7,211.3,2171970255000.0,,,
2025-07-09,159455682148.0,215.7,211.3,2174765766250.0,,,
2025-07-09,159455682148.0,215.7,211.3,2210180967000.0,,,
2025-07-10,159689388348.0,1175.6,383.1,2211208819875.0,,,
2025-07-10,159689388348.0,1175.6,383.1,2215573555125.0,,,
2025-07-10,159689388348.0,1175.6,383.1,2254990236375.0,,,
2025-07-10,159689388348.0,1175.6,383.1,2220170633750.0,,,
2025-07-10,159689388348.0,1175.6,383.1,2212777796875.0,,,
2025-07-11,159994836080.0,1029.6,204.9,2296573005750.0,,,
2025-07-11,159994836080.0,1029.6,204.9,2347305932375.0,,,
2025-07-11,159994836080.0,1029.6,204.9,2340952665375.0,,,
2025-07-11,159994836080.0,1029.6,204.9,2335593881250.0,,,
2025-07-11,159994836080.0,1029.6,204.9,2341572934500.0,,,
2025-07-12,160150055260.0,,,2334447369000.0,,,
2025-07-12,160150055260.0,,,2339209530000.0,,,
2025-07-12,160150055260.0,,,2330493265750.0,,,
2025-07-12,160150055260.0,,,2336249334375.0,,,
2025-07-12,160150055260.0,,,2337208656250.0,,,
2025-07-13,160394357834.0,,,2340450803625.0,,,
2025-07-13,160394357834.0,,,2344043451750.0,,,
2025-07-13,160394357834.0,,,2358974491500.0,,,
2025-07-13,160394357834.0,,,2352223457031.25,,,
2025-07-14,160394357833.0,297.4,259.0,2399379447937.5,,,
2025-07-14,160394357833.0,297.4,259.0,2436590219062.5,,,
2025-07-14,160394357833.0,297.4,259.0,2419495127687.5,,,
2025-07-14,160394357833.0,297.4,259.0,2382905729531.25,,,
2025-07-15,160545757830.0,403.1,192.3,2375757169593.75,,,
2025-07-15,160545757830.0,403.1,192.3,2324259051625.0,,,
2025-07-15,160545757830.0,403.1,192.3,2320491110156.25,,,
2025-07-15,160545757830.0,403.1,192.3,2337774312250.0,,,
2025-07-15,160545757830.0,403.1,192.3,2324282419625.0,,,
2025-07-16,160669087149.0,799.4,726.6,2347369943750.0,,,
2025-07-16,160669087149.0,799.4,726.6,2349569980968.75,,,
2025-07-16,160669087149.0,799.4,726.6,2372657864093.75,,,
2025-07-16,160669087149.0,799.4,726.6,2377842040156.25,,,
2025-07-17,162039387242.0,522.6,602.0,2359365023125.0,,,
2025-07-17,162039387242.0,522.6,602.0,2367509443031.25,,,
2025-07-17,162039387242.0,522.6,602.0,2359377253750.0,,,
2025-07-17,162039387242.0,522.6,602.0,2383273496250.0,,,
2025-07-17,162039387242.0,522.6,602.0,2368142328000.0,,,
2025-07-18,161631554286.0,363.5,402.5,2387463188687.5,,,
2025-07-18,161631554286.0,363.5,402.5,2366189014812.5,,,
2025-07-18,161631554286.0,363.5,402.5,2346704718375.0,,,
2025-07-18,161631554286.0,363.5,402.5,2330005776000.0,,,
2025-07-19,161983579210.0,,,2348320221000.0,,,
2025-07-19,161983579210.0,,,2354102133312.5,,,
2025-07-19,161983579210.0,,,2352323463000.0,,,
2025-07-19,161983579210.0,,,2345173237750.0,,,
2025-07-20,162359770647.0,,,2345606499375.0,,,
2025-07-20,162359770647.0,,,2345594709375.0,,,
2025-07-20,162359770647.0,,,2349012243187.5,,,
2025-07-20,162359770647.0,,,2359544776250.0,,,
2025-07-20,162359770647.0,,,2341603983125.0,,,
2025-07-21,162531584793.0,-131.4,296.5,2345442917562.5,,,
2025-07-21,162531584793.0,-131.4,296.5,2374302864375.0,,,
2025-07-21,162531584793.0,-131.4,296.5,2356806862875.0,,,
2025-07-21,162531584793.0,-131.4,296.5,2343886646062.5,,,
2025-07-21,162531584793.0,-131.4,296.5,2333353769000.0,,,
2025-07-22,162855465485.0,-68.0,533.8,2359042782812.5,,,
2025-07-22,162855465485.0,-68.0,533.8,2330779058437.5,,,
2025-07-22,162855465485.0,-68.0,533.8,2362250224843.75,,,
2025-07-22,162855465485.0,-68.0,533.8,2369002580437.5,,,
2025-07-23,163023658144.0,-85.8,332.2,2386933242468.75,,,
2025-07-23,163023658144.0,-85.8,332.2,2359488505031.25,,,
2025-07-23,163023658144.0,-85.8,332.2,2351541850281.25,,,
2025-07-23,163023658144.0,-85.8,332.2,2352150560812.5,,,
2025-07-23,163023658144.0,-85.8,332.2,2348382050781.25,,,
2025-07-24,163208856646.0,226.7,231.2,2370876994125.0,,,
2025-07-24,163208856646.0,226.7,231.2,2363925070593.75,,,
2025-07-24,163208856646.0,226.7,231.2,2355978237843.75,,,
2025-07-24,163208856646.0,226.7,231.2,2370912742125.0,,,
2025-07-25,163910480196.0,130.8,452.8,2313048773437.5,,,
2025-07-25,163910480196.0,130.8,452.8,2300899921250.0,,,
2025-07-25,163910480196.0,130.8,452.8,2324214563937.5,,,
2025-07-25,163910480196.0,130.8,452.8,2289581591812.5,,,
2025-07-25,163910480196.0,130.8,452.8,2350032824531.25,,,
2025-07-26,163908480684.0,,,2340144239937.5,,,
2025-07-26,163908480684.0,,,2339758049062.5,,,
2025-07-26,163908480684.0,,,2350315585750.0,,,
2025-07-26,163908480684.0,,,2352118199187.5,,,
2025-07-26,163908480684.0,,,2350339578875.0,,,
2025-07-27,164437379973.0,,,2354132380000.0,,,
2025-07-27,164437379973.0,,,2350761534000.0,,,
2025-07-27,164437379973.0,,,2353758078000.0,,,
2025-07-27,164437379973.0,,,2370086885218.75,,,
2025-07-28,164434420097.0,157.1,65.2,2375471365062.5,,,
2025-07-28,164434420097.0,157.1,65.2,2374488377906.25,,,
2025-07-28,164434420097.0,157.1,65.2,2369924004375.0,,,
2025-07-28,164434420097.0,157.1,65.2,2350634907625.0,,,
2025-07-28,164434420097.0,157.1,65.2,2353830900281.25,,,
2025-07-29,164225730295.0,80.0,218.6,2371353775031.25,,,
2025-07-29,164225730295.0,80.0,218.6,2365794710718.75,,,
2025-07-29,164225730295.0,80.0,218.6,2342325635906.25,,,
2025-07-30,164365520605.0,47.1,5.8,2358269005750.0,,,
2025-07-30,164365520605.0,47.1,5.8,2343332736000.0,,,
2025-07-30,164365520605.0,47.1,5.8,2346352992750.0,,,
2025-07-30,164365520605.0,47.1,5.8,2343555282250.0,,,
2025-07-31,164558737770.0,-114.8,17.0,2359100914218.75,,,
2025-07-31,164558737770.0,-114.8,17.0,2359510763781.25,,,
2025-07-31,164558737770.0,-114.8,17.0,2361114607031.25,,,
2025-07-31,164558737770.0,-114.8,17.0,2357345485687.5,,,
2025-07-31,164558737770.0,-114.8,17.0,2326711288375.0,,,
2025-08-01,164601365339.0,-812.3,-152.3,2301671950937.5,,,
2025-08-01,164601365339.0,-812.3,-152.3,2300653812531.25,,,
2025-08-01,164601365339.0,-812.3,-152.3,2272231240125.0,,,
2025-08-01,164601365339.0,-812.3,-152.3,2254332534000.0,,,
2025-08-01,164601365339.0,-812.3,-152.3,2295491314218.75,,,
2025-08-02,164715477935.0,,,2269866356812.5,,,
2025-08-02,164715477935.0,,,2266694001250.0,,,
2025-08-02,164715477935.0,,,2250187696125.0,,,
2025-08-02,164715477935.0,,,2236865375000.0,,,
2025-08-03,164748979754.0,,,2264352135875.0,,,
2025-08-03,164748979754.0,,,2274115480406.25,,,
2025-08-03,164748979754.0,,,2246230102625.0,,,
2025-08-03,164748979754.0,,,2280296324937.5,,,
2025-08-03,164748979754.0,,,2281302855281.25,,,
2025-08-04,164733217870.0,-323.5,-465.1,2282508769500.0,,,
2025-08-04,164733217870.0,-323.5,-465.1,2282321580375.0,,,
2025-08-04,164733217870.0,-323.5,-465.1,2281536978250.0,,,
2025-08-04,164733217870.0,-323.5,-465.1,2304236554812.5,,,
2025-08-04,164733217870.0,-323.5,-465.1,2284744218750.0,,,
2025-08-05,164698218478.0,-196.2,73.3,2280388705062.5,,,
2025-08-05,164698218478.0,-196.2,73.3,2254538562000.0,,,
2025-08-05,164698218478.0,-196.2,73.3,2288935129906.25,,,
2025-08-05,164698218478.0,-196.2,73.3,2271665999687.5,,,
2025-08-05,164698218478.0,-196.2,73.3,2286967906593.75,,,
2025-08-06,164748993280.0,91.6,35.1,2258939779687.5,,,
2025-08-06,164748993280.0,91.6,35.1,2274475199125.0,,,
2025-08-06,164748993280.0,91.6,35.1,2294591290031.25,,,
2025-08-06,164748993280.0,91.6,35.1,2293411167000.0,,,
2025-08-07,164521910565.0,277.4,222.3,2325895620937.5,,,
2025-08-07,164521910565.0,277.4,222.3,2339246234718.75,,,
2025-08-07,164521910565.0,277.4,222.3,2279693557312.5,,,
2025-08-07,164521910565.0,277.4,222.3,2318318912000.0,,,
2025-08-08,165186565785.0,403.9,461.0,2325133441125.0,,,
2025-08-08,165186565785.0,403.9,461.0,2324747050000.0,,,
2025-08-08,165186565785.0,403.9,461.0,2325959163562.5,,,
2025-08-09,165053491593.0,,,2323983377625.0,,,
2025-08-09,165053491593.0,,,2324992445531.25,,,
2025-08-10,165260481580.0,,,2324614802718.75,,,
2025-08-10,165260481580.0,,,2342543687062.5,,,
2025-08-10,165260481580.0,,,2365249878281.25,,,
2025-08-10,165260481580.0,,,2369842420125.0,,,
2025-08-11,164554180218.0,178.1,1018.8,2383027348250.0,,,
2025-08-11,164554180218.0,178.1,1018.8,2426984643375.0,,,
2025-08-11,164554180218.0,178.1,1018.8,2403911753750.0,,,
2025-08-12,164824755337.0,65.9,523.9,2375113073750.0,,,
2025-08-12,164824755337.0,65.9,523.9,2370101001187.5,,,
2025-08-12,164824755337.0,65.9,523.9,2371112635500.0,,,
2025-08-13,164578283964.0,86.9,729.1,2376923591281.25,,,
2025-08-13,164578283964.0,86.9,729.1,2382317916000.0,,,
2025-08-13,164578283964.0,86.9,729.1,2416967927562.5,,,
2025-08-13,164578283964.0,86.9,729.1,2444453730000.0,,,
2025-08-14,165252344340.0,230.8,639.6,2406472984781.25,,,
2025-08-14,165252344340.0,230.8,639.6,2436112724812.5,,,
2025-08-14,165252344340.0,230.8,639.6,2350152166562.5,,,
2025-08-15,166316807752.0,-14.1,-59.3,2359523001093.75,,,
2025-08-15,166316807752.0,-14.1,-59.3,2374266145500.0,,,
2025-08-15,166316807752.0,-14.1,-59.3,2351985097031.25,,,
2025-08-15,166316807752.0,-14.1,-59.3,2334679033000.0,,,
2025-08-16,166494712113.0,,,2345649910812.5,,,
2025-08-16,166494712113.0,,,2347261268218.75,,,
2025-08-16,166494712113.0,,,2341905433125.0,,,
2025-08-17,166494712113.0,,,2345541414250.0,,,
2025-08-17,166494712113.0,,,2356851884750.0,,,
2025-08-17,166494712113.0,,,2359852460562.5,,,
2025-08-18,167006860890.0,-121.7,-196.6,2299371112500.0,,,
2025-08-18,167006860890.0,-121.7,-196.6,2292819476062.5,,,
2025-08-18,167006860890.0,-121.7,-196.6,2322895339250.0,,,
2025-08-19,167158301216.0,-523.3,-429.6,2318133004375.0,,,
2025-08-19,167158301216.0,-523.3,-429.6,2302422361875.0,,,
2025-08-19,167158301216.0,-523.3,-429.6,2263417260750.0,,,
2025-08-20,167271227574.0,-315.9,-240.2,2267027154687.5,,,
2025-08-20,167271227574.0,-315.9,-240.2,2256690817500.0,,,
2025-08-20,167271227574.0,-315.9,-240.2,2259847888000.0,,,
2025-08-20,167271227574.0,-315.9,-240.2,2282389255000.0,,,
2025-08-21,167229075225.0,-194.4,287.6,2267875126406.25,,,
2025-08-21,167229075225.0,-194.4,287.6,2255349222000.0,,,
2025-08-22,166880136932.0,-23.2,341.2,2248800967968.75,,,
2025-08-22,166880136932.0,-23.2,341.2,2259369068750.0,,,
2025-08-22,166880136932.0,-23.2,341.2,2308363226125.0,,,
2025-08-22,166880136932.0,-23.2,341.2,2327891084250.0,,,
2025-08-23,166872625448.0,,,2311580750625.0,,,
2025-08-23,166872625448.0,,,2301640433750.0,,,
2025-08-23,166872625448.0,,,2293490135031.25,,,
2025-08-23,166872625448.0,,,2299277170625.0,,,
2025-08-24,167090007703.0,,,2283385595750.0,,,
2025-08-24,167090007703.0,,,2261503447875.0,,,
2025-08-24,167090007703.0,,,2293720200000.0,,,
2025-08-25,167221537708.0,219.1,443.9,2239417584562.5,,,
2025-08-25,167221537708.0,219.1,443.9,2218920495750.0,,,
2025-08-25,167221537708.0,219.1,443.9,2243227829687.5,,,
2025-08-26,167238333460.0,88.1,455.0,2197278509843.75,,,
2025-08-26,167238333460.0,88.1,455.0,2232934483500.0,,,
2025-08-26,167238333460.0,88.1,455.0,2190480960281.25,,,
2025-08-26,167238333460.0,88.1,455.0,2201049335687.5,,,
2025-08-27,167217333459.0,81.4,309.5,2215624235062.5,,,
2025-08-27,167217333459.0,81.4,309.5,2211453790875.0,,,
2025-08-27,167217333459.0,81.4,309.5,2237157437812.5,,,
2025-08-27,167217333459.0,81.4,309.5,2217058793812.5,,,
2025-08-28,167383925958.0,178.9,39.1,2257501381875.0,,,
2025-08-28,167383925958.0,178.9,39.1,2255325851625.0,,,
2025-08-28,167383925958.0,178.9,39.1,2240208984375.0,,,
2025-08-29,168429502725.0,-126.7,-164.6,2228472223250.0,,,
2025-08-29,168429502725.0,-126.7,-164.6,2195825807250.0,,,
2025-08-29,168429502725.0,-126.7,-164.6,2170350907593.75,,,
2025-08-29,168429502725.0,-126.7,-164.6,2154236006812.5,,,
2025-08-30,167600371918.0,,,2141705327343.75,,,
2025-08-30,167600371918.0,,,2165017803750.0,,,
2025-08-30,167600371918.0,,,2169419244687.5,,,
2025-08-31,168005950273.0,,,2174453677218.75,,,
2025-08-31,168005950273.0,,,2179595508750.0,,,
2025-08-31,168005950273.0,,,2162088086812.5,,,
2025-09-01,167960422397.0,,,2140213330062.5,,,
2025-09-01,167960422397.0,,,2178271936875.0,,,
2025-09-01,167960422397.0,,,2164546065468.75,,,
2025-09-02,167981863668.0,332.8,-135.3,2199417086625.0,,,
2025-09-02,167981863668.0,332.8,-135.3,2200232331750.0,,,
2025-09-02,167981863668.0,332.8,-135.3,2207215816093.75,,,
2025-09-03,166871763653.0,300.5,-38.2,2209633739687.5,,,
2025-09-03,166871763653.0,300.5,-38.2,2237134442343.75,,,
2025-09-03,166871763653.0,300.5,-38.2,2218782025281.25,,,
2025-09-04,168285427737.0,-222.9,-167.3,2204898630156.25,,,
2025-09-04,168285427737.0,-222.9,-167.3,2234960544562.5,,,
2025-09-04,168285427737.0,-222.9,-167.3,2193573709875.0,,,
2025-09-04,168285427737.0,-222.9,-167.3,2211484785000.0,,,
2025-09-05,170586184029.0,-160.1,-446.8,2217090169250.0,,,
2025-09-05,170586184029.0,-160.1,-446.8,2246577675000.0,,,
2025-09-05,170586184029.0,-160.1,-446.8,2205567398562.5,,,
2025-09-06,168825084008.0,,,2204390732250.0,,,
2025-09-06,168825084008.0,,,2208192592968.75,,,
2025-09-06,168825084008.0,,,2196258272406.25,,,
2025-09-07,168825084007.0,,,2211428228062.5,,,
2025-09-07,168825084007.0,,,2215228173187.5,,,
2025-09-07,168825084007.0,,,2202248604843.75,,,
2025-09-08,168825084004.0,364.3,-96.7,2220837139062.5,,,
2025-09-08,168825084004.0,364.3,-96.7,2216838618750.0,,,
2025-09-08,168825084004.0,364.3,-96.7,2233216671250.0,,,
2025-09-08,168825084004.0,364.3,-96.7,2234793990000.0,,,
2025-09-09,168877363164.0,23.0,44.2,2225467818281.25,,,
2025-09-09,168877363164.0,23.0,44.2,2242219564718.75,,,
2025-09-09,168877363164.0,23.0,44.2,2216540764750.0,,,
2025-09-10,169048563162.0,741.5,171.5,2239084954125.0,,,
2025-09-10,169048563162.0,741.5,171.5,2267782775156.25,,,
2025-09-10,169048563162.0,741.5,171.5,2221339348500.0,,,
2025-09-10,169048563162.0,741.5,171.5,2265803667968.75,,,
2025-09-11,169411163153.0,552.7,113.1,2268823219375.0,,,
2025-09-11,169411163153.0,552.7,113.1,2268011498000.0,,,
2025-09-11,169411163153.0,552.7,113.1,2296740689375.0,,,
2025-09-11,169411163153.0,552.7,113.1,2280391515000.0,,,
2025-09-12,169682874987.0,642.4,405.5,2288393445000.0,,,
2025-09-12,169682874987.0,642.4,405.5,2301156956000.0,,,
2025-09-13,170272557420.0,,,2314515692812.5,,,
2025-09-13,170272557420.0,,,2308555961718.75,,,
2025-09-13,170272557420.0,,,2302200266843.75,,,
2025-09-13,170272557420.0,,,2307590358000.0,,,
2025-09-14,170535236555.0,,,2306609530593.75,,,
2025-09-14,170535236555.0,,,2305830791406.25,,,
2025-09-14,170535236555.0,,,2300865393750.0,,,
2025-09-15,170178989121.0,259.9,359.7,2291139368437.5,,,
2025-09-15,170178989121.0,259.9,359.7,2305266075750.0,,,
2025-09-15,170178989121.0,259.9,359.7,2301926075156.25,,,
2025-09-15,170178989121.0,259.9,359.7,2290952734375.0,,,
2025-09-16,170624947838.0,292.3,-61.7,2301539920781.25,,,
2025-09-16,170624947838.0,292.3,-61.7,2300361585750.0,,,
2025-09-16,170624947838.0,292.3,-61.7,2324285520843.75,,,
2025-09-17,170903775343.0,-51.3,-1.9,2324500418500.0,,,
2025-09-17,170903775343.0,-51.3,-1.9,2327106706531.25,,,
2025-09-17,170903775343.0,-51.3,-1.9,2304214302312.5,,,
2025-09-18,171220679162.0,163.0,213.1,2341685140312.5,,,
2025-09-18,171220679162.0,163.0,213.1,2333732265812.5,,,
2025-09-18,171220679162.0,163.0,213.1,2346301163406.25,,,
2025-09-18,171220679162.0,163.0,213.1,2336750343437.5,,,
2025-09-19,171395619409.0,222.6,47.8,2330991365625.0,,,
2025-09-19,171395619409.0,222.6,47.8,2322038761875.0,,,
2025-09-19,171395619409.0,222.6,47.8,2311693972312.5,,,
2025-09-19,171395619409.0,222.6,47.8,2307725250187.5,,,
2025-09-20,172019220193.0,,,2305951677000.0,,,
2025-09-20,172019220193.0,,,2310950687937.5,,,
2025-09-20,172019220193.0,,,2310968811375.0,,,
2025-09-21,172279220193.0,,,2309792580531.25,,,
2025-09-21,172279220193.0,,,2307416173406.25,,,
2025-09-21,172279220193.0,,,2306434435750.0,,,
2025-09-21,172279220193.0,,,2300470502375.0,,,
2025-09-22,172143434396.0,-363.1,-76.0,2246092407812.5,,,
2025-09-22,172143434396.0,-363.1,-76.0,2251884649375.0,,,
2025-09-22,172143434396.0,-363.1,-76.0,2240942256000.0,,,
2025-09-23,172687580334.0,-103.8,-140.8,2244539985000.0,,,
2025-09-23,172687580334.0,-103.8,-140.8,2256908997625.0,,,
2025-09-23,172687580334.0,-103.8,-140.8,2246760971125.0,,,
2025-09-23,172687580334.0,-103.8,-140.8,2239405871875.0,,,
2025-09-24,173008506231.0,241.0,-79.4,2250977027406.25,,,
2025-09-24,173008506231.0,241.0,-79.4,2257172322000.0,,,
2025-09-24,173008506231.0,241.0,-79.4,2267348247750.0,,,
2025-09-25,173336087144.0,-253.4,-251.2,2245246538625.0,,,
2025-09-25,173336087144.0,-253.4,-251.2,2228123223375.0,,,
2025-09-25,173336087144.0,-253.4,-251.2,2189084779125.0,,,
2025-09-26,173577437870.0,-418.3,-248.4,2188303520500.0,,,
2025-09-26,173577437870.0,-418.3,-248.4,2185926765625.0,,,
2025-09-26,173577437870.0,-418.3,-248.4,2195506246062.5,,,
2025-09-27,174168318428.0,,,2187352486875.0,,,
2025-09-27,174168318428.0,,,2188964815781.25,,,
2025-09-27,174168318428.0,,,2185392719125.0,,,
2025-09-27,174168318428.0,,,2189790392625.0,,,
2025-09-28,174376743851.0,,,2186812299750.0,,,
2025-09-28,174376743851.0,,,2186828417812.5,,,
2025-09-28,174376743851.0,,,2201590890500.0,,,
2025-09-28,174376743851.0,,,2241860273437.5,,,
2025-09-29,174335617850.0,518.0,546.9,2239486515187.5,,,
2025-09-29,174335617850.0,518.0,546.9,2272383069468.75,,,
2025-09-29,174335617850.0,518.0,546.9,2277578263125.0,,,
2025-09-30,174592531943.0,429.9,127.5,2257683125531.25,,,
2025-09-30,174592531943.0,429.9,127.5,2275238272125.0,,,
2025-09-30,174592531943.0,429.9,127.5,2275998651281.25,,,
2025-10-01,174875230173.0,675.8,80.9,2320908775875.0,,,
2025-10-01,174875230173.0,675.8,80.9,2340454420000.0,,,
2025-10-01,174875230173.0,675.8,80.9,2278442197218.75,,,
2025-10-02,175565454174.0,627.2,307.1,2362594064062.5,,,
2025-10-02,175565454174.0,627.2,307.1,2366994424406.25,,,
2025-10-02,175565454174.0,627.2,307.1,2395508996875.0,,,
2025-10-02,175565454174.0,627.2,307.1,2395921484500.0,,,
2025-10-03,176246763815.0,985.1,233.5,2386373297500.0,,,
2025-10-03,176246763815.0,985.1,233.5,2442395075156.25,,,
2025-10-04,176679508043.0,,,2426066727000.0,,,
2025-10-04,176679508043.0,,,2433458723437.5,,,
2025-10-04,176679508043.0,,,2432476714531.25,,,
2025-10-05,177019405309.0,,,2472359142187.5,,,
2025-10-05,177019405309.0,,,2458226328250.0,,,
2025-10-05,177019405309.0,,,2446089825093.75,,,
2025-10-06,176929008734.0,1205.2,181.8,2470021720312.5,,,
2025-10-06,176929008734.0,1205.2,181.8,2470634364000.0,,,
2025-10-06,176929008734.0,1205.2,181.8,2492980033625.0,,,
2025-10-07,177463715230.0,875.6,420.9,2419483267625.0,,,
2025-10-07,177463715230.0,875.6,420.9,2478448217343.75,,,
2025-10-07,177463715230.0,875.6,420.9,2480458840937.5,,,
2025-10-08,177909580029.0,440.7,69.1,2443049535718.75,,,
2025-10-08,177909580029.0,440.7,69.1,2431856041125.0,,,
2025-10-08,177909580029.0,440.7,69.1,2450606741406.25,,,
2025-10-09,178140779842.0,197.8,-8.7,2453631892812.5,,,
2025-10-09,178140779842.0,197.8,-8.7,2419763389375.0,,,
2025-10-09,178140779842.0,197.8,-8.7,2402440872312.5,,,
2025-10-10,178036230155.0,-4.5,-174.9,2429364339875.0,,,
2025-10-10,178036230155.0,-4.5,-174.9,2422208412750.0,,,
2025-10-10,178036230155.0,-4.5,-174.9,2349272073437.5,,,
2025-10-11,179331179688.0,,,2239455697500.0,,,
2025-10-11,179331179688.0,,,2205780247000.0,,,
2025-10-11,179331179688.0,,,2239284454000.0,,,
2025-10-11,179331179688.0,,,2215976623250.0,,,
2025-10-12,180064084550.0,,,2228360375500.0,,,
2025-10-12,180064084550.0,,,2217186172906.25,,,
2025-10-12,180064084550.0,,,2304533973156.25,,,
2025-10-12,180064084550.0,,,2233355292125.0,,,
2025-10-13,180185446251.0,-326.4,-428.5,2305747345093.75,,,
2025-10-13,180185446251.0,-326.4,-428.5,2282636972343.75,,,
2025-10-13,180185446251.0,-326.4,-428.5,2310163935468.75,,,
2025-10-14,180246122371.0,102.7,236.2,2267922111218.75,,,
2025-10-14,180246122371.0,102.7,236.2,2215711338750.0,,,
2025-10-14,180246122371.0,102.7,236.2,2244034404187.5,,,
2025-10-15,180716279786.0,-104.1,169.6,2257229434687.5,,,
2025-10-15,180716279786.0,-104.1,169.6,2216578904437.5,,,
2025-10-15,180716279786.0,-104.1,169.6,2254817805156.25,,,
2025-10-16,181396775161.0,-530.9,-56.8,2222788737500.0,,,
2025-10-16,181396775161.0,-530.9,-56.8,2207423657906.25,,,
2025-10-16,181396775161.0,-530.9,-56.8,2156834254468.75,,,
2025-10-16,181396775161.0,-530.9,-56.8,2224400997875.0,,,
2025-10-17,181555469430.0,-366.6,-232.3,2174197325562.5,,,
2025-10-17,181555469430.0,-366.6,-232.3,2092276312656.25,,,
2025-10-17,181555469430.0,-366.6,-232.3,2127181536562.5,,,
2025-10-18,181734385615.0,,,2136370559250.0,,,
2025-10-18,181734385615.0,,,2135389477593.75,,,
2025-10-18,181734385615.0,,,2132808441562.5,,,
2025-10-18,181734385615.0,,,2139402917531.25,,,
2025-10-19,181941057560.0,,,2134233101875.0,,,
2025-10-19,181941057560.0,,,2148801102875.0,,,
2025-10-19,181941057560.0,,,2173138790625.0,,,
2025-10-20,181923069831.0,-40.4,-145.7,2200266977875.0,,,
2025-10-20,181923069831.0,-40.4,-145.7,2214035776875.0,,,
2025-10-20,181923069831.0,-40.4,-145.7,2216244857750.0,,,
2025-10-20,181923069831.0,-40.4,-145.7,2211272284125.0,,,
2025-10-21,182138675951.0,477.2,141.7,2163233668750.0,,,
2025-10-21,182138675951.0,477.2,141.7,2152681904156.25,,,
2025-10-21,182138675951.0,477.2,141.7,2262952359375.0,,,
2025-10-22,182601500509.0,-101.4,-18.9,2164074929437.5,,,
2025-10-22,182601500509.0,-101.4,-18.9,2158109753250.0,,,
2025-10-22,182601500509.0,-101.4,-18.9,2162117723875.0,,,
2025-10-23,182562751850.0,20.3,-127.4,2183085525750.0,,,
2025-10-23,182562751850.0,20.3,-127.4,2161536850375.0,,,
2025-10-23,182562751850.0,20.3,-127.4,2171731373000.0,,,
2025-10-23,182562751850.0,20.3,-127.4,2184308206718.75,,,
2025-10-24,182792886387.0,90.6,-93.6,2204263013906.25,,,
2025-10-24,182792886387.0,90.6,-93.6,2214649720750.0,,,
2025-10-24,182792886387.0,90.6,-93.6,2204892286312.5,,,
2025-10-25,183101507882.0,,,2210696522625.0,,,
2025-10-25,183101507882.0,,,2222874272250.0,,,
2025-10-25,183101507882.0,,,2226877213000.0,,,
2025-10-25,183101507882.0,,,2226295068593.75,,,
2025-10-26,183079500410.0,,,2267020878468.75,,,
2025-10-26,183079500410.0,,,2225317601250.0,,,
2025-10-26,183079500410.0,,,2261224350000.0,,,
2025-10-27,183154451545.0,149.3,133.9,2297544049937.5,,,
2025-10-27,183154451545.0,149.3,133.9,2294967250562.5,,,
2025-10-27,183154451545.0,149.3,133.9,2298174678906.25,,,
2025-10-27,183154451545.0,149.3,133.9,2278847837625.0,,,
2025-10-28,183245574379.0,202.4,246.0,2273081714375.0,,,
2025-10-28,183245574379.0,202.4,246.0,2279080105156.25,,,
2025-10-28,183245574379.0,202.4,246.0,2267729255875.0,,,
2025-10-29,183472999907.0,-470.7,-81.4,2260384610625.0,,,
2025-10-29,183472999907.0,-470.7,-81.4,2222710241500.0,,,
2025-10-29,183472999907.0,-470.7,-81.4,2246607277625.0,,,
2025-10-30,183409474077.0,-488.4,-184.2,2173884573781.25,,,
2025-10-30,183409474077.0,-488.4,-184.2,2177059611093.75,,,
2025-10-30,183409474077.0,-488.4,-184.2,2128236586500.0,,,
2025-10-31,183303971620.0,-191.6,-98.2,2195659616250.0,,,
2025-10-31,183303971620.0,-191.6,-98.2,2189290051437.5,,,
2025-10-31,183303971620.0,-191.6,-98.2,2192694367500.0,,,
2025-11-01,183393224146.0,,,2189921270093.75,,,
2025-11-01,183393224146.0,,,2195323032000.0,,,
2025-11-01,183393224146.0,,,2205710316250.0,,,
2025-11-02,183463980411.0,,,2219706332812.5,,,
2025-11-02,183463980411.0,,,2206126117562.5,,,
2025-11-02,183463980411.0,,,2196193705625.0,,,
2025-11-03,183555515016.0,-186.5,-135.7,2137805399250.0,,,
2025-11-03,183555515016.0,-186.5,-135.7,2158534046718.75,,,
2025-11-03,183555515016.0,-186.5,-135.7,2146948051562.5,,,
2025-11-04,183555461585.0,-566.4,-219.4,2084787152031.25,,,
2025-11-04,183555461585.0,-566.4,-219.4,2020979034906.25,,,
2025-11-04,183555461585.0,-566.4,-219.4,2086164627500.0,,,
2025-11-05,183343560327.0,-137.0,-118.5,2056110076312.5,,,
2025-11-05,183343560327.0,-137.0,-118.5,2076469720531.25,,,
2025-11-05,183343560327.0,-137.0,-118.5,2039542465500.0,,,
2025-11-06,183464373075.0,239.9,12.5,2021262085687.5,,,
2025-11-06,183464373075.0,239.9,12.5,2068107743031.25,,,
2025-11-06,183464373075.0,239.9,12.5,2067124738375.0,,,
2025-11-07,183383441824.0,-558.4,-46.6,2048429166875.0,,,
2025-11-07,183383441824.0,-558.4,-46.6,2033443406406.25,,,
2025-11-07,183383441824.0,-558.4,-46.6,1998354047312.5,,,
2025-11-08,183599119128.0,,,2061006617937.5,,8969884426.8117,5909985149.38661
2025-11-08,183599119128.0,,,2037885054968.75,,8969884426.8117,5909985149.38661
2025-11-08,183599119128.0,,,2040292322812.5,,8969884426.8117,5909985149.38661
2025-11-09,183366455745.0,,,2041120548281.25,,8619042452.0858,5775211772.93856
2025-11-09,183366455745.0,,,2090005402875.0,,8619042452.0858,5775211772.93856
2025-11-09,183366455745.0,,,2028338611437.5,,8619042452.0858,5775211772.93856
2025-11-10,183375955885.0,1.2,0.0,2112971806687.5,,8949148311.6024,6091500073.892331
2025-11-10,183375955885.0,1.2,0.0,2111990345250.0,,8949148311.6024,6091500073.892331
2025-11-10,183375955885.0,1.2,0.0,2118544981312.5,,8949148311.6024,6091500073.892331
2025-11-11,183395444251.0,524.0,-107.1,2117190169312.5,,9202894150.2238,6184515402.73008
2025-11-11,183395444251.0,524.0,-107.1,2099452009375.0,,9202894150.2238,6184515402.73008
2025-11-11,183395444251.0,524.0,-107.1,2066950559437.5,,9202894150.2238,6184515402.73008
2025-11-11,183395444251.0,524.0,-107.1,2057990667937.5,,9202894150.2238,6184515402.73008
2025-11-12,183547300353.0,-278.1,-183.7,2050638016250.0,,8821820136.904993,5701241284.289837
2025-11-12,183547300353.0,-278.1,-183.7,2066181147562.5,,8821820136.904993,5701241284.289837
2025-11-13,184075638825.0,-866.7,-259.6,2029511109687.5,,8736888776.5278,5845471573.6696
2025-11-13,184075638825.0,-866.7,-259.6,2040912171593.75,,8736888776.5278,5845471573.6696
2025-11-13,184075638825.0,-866.7,-259.6,2064637729687.5,,8736888776.5278,5845471573.6696
2025-11-14,183940205609.0,-492.1,-177.9,1918074716250.0,,9130386257.669498,5845343647.645557
2025-11-14,183940205609.0,-492.1,-177.9,1898397765468.75,,9130386257.669498,5845343647.645557
2025-11-14,183940205609.0,-492.1,-177.9,1975520212971.875,,9130386257.669498,5845343647.645557
2025-11-14,183940205609.0,-492.1,-177.9,1938767573925.0,,9130386257.669498,5845343647.645557
2025-11-15,183901863026.0,,,1918139853700.0,,8829245667.32,5301352680.6619835
2025-11-15,183901863026.0,,,1916120059687.5,,8829245667.32,5301352680.6619835
2025-11-15,183901863026.0,,,1911164984946.875,,8829245667.32,5301352680.6619835
2025-11-16,183985483688.0,,,1915317896525.0,,9256685640.1646,5668928490.21155
2025-11-16,183985483688.0,,,1884509691887.5,,9256685640.1646,5668928490.21155
2025-11-16,183985483688.0,,,1906366754375.0,,9256685640.1646,5668928490.21155
2025-11-17,183853042319.0,-254.6,-182.7,1887459447687.5,,9299540400.680899,5659201705.180052
2025-11-17,183853042319.0,-254.6,-182.7,1911812992031.25,,9299540400.680899,5659201705.180052
2025-11-17,183853042319.0,-254.6,-182.7,1851096937550.0,,9299540400.680899,5659201705.180052
2025-11-18,183929638153.0,-372.8,-74.2,1867276407000.0,,9338177158.8544,5970885146.045546
2025-11-18,183929638153.0,-372.8,-74.2,1816816531359.375,,9338177158.8544,5970885146.045546
2025-11-18,183929638153.0,-372.8,-74.2,1823413563575.0,,9338177158.8544,5970885146.045546
2025-11-19,183705250687.0,75.4,-37.4,1780069237275.0,,9287504651.1564,6108026215.56127
2025-11-19,183705250687.0,75.4,-37.4,1850010198968.75,,9287504651.1564,6108026215.56127
2025-11-19,183705250687.0,75.4,-37.4,1824964387903.125,,9287504651.1564,6108026215.56127
2025-11-20,183674741976.0,-903.2,-261.6,1760520635750.0,,9227186355.764154,6117131391.43326
2025-11-20,183674741976.0,-903.2,-261.6,1833905555428.125,,9227186355.764154,6117131391.43326
2025-11-20,183674741976.0,-903.2,-261.6,1846440476262.5,,9227186355.764154,6117131391.43326
2025-11-21,184675398945.0,238.4,55.7,1688567994450.0,,9097192182.318638,5697785809.113894
2025-11-21,184675398945.0,238.4,55.7,1664101655306.25,,9097192182.318638,5697785809.113894
2025-11-22,184487293452.0,,,1685447158443.75,,8373797978.3565445,5169739413.244982
2025-11-22,184487293452.0,,,1687034220287.5,,8373797978.3565445,5169739413.244982
2025-11-22,184487293452.0,,,1688089175478.125,,8373797978.3565445,5169739413.244982
2025-11-22,184487293452.0,,,1702184394787.5,,8373797978.3565445,5169739413.244982
2025-11-23,184533511239.0,,,1724237082871.875,,8372771128.379602,5263369107.931744
2025-11-23,184533511239.0,,,1721015556203.125,,8372771128.379602,5263369107.931744
2025-11-23,184533511239.0,,,1739761718387.5,,8372771128.379602,5263369107.931744
2025-11-24,184331338289.0,-151.0,96.6,1742910109218.75,,8389728522.0945,5193574915.110918
2025-11-24,184331338289.0,-151.0,96.6,1749453333065.625,,8389728522.0945,5193574915.110918
2025-11-24,184331338289.0,-151.0,96.6,1718155790031.25,,8389728522.0945,5193574915.110918
2025-11-25,184474703182.0,128.7,78.6,1750819857500.0,,8224813410.722476,5578261609.71618
2025-11-25,184474703182.0,128.7,78.6,1750290433037.5,,8224813410.722476,5578261609.71618
2025-11-25,184474703182.0,128.7,78.6,1758708773231.25,,8224813410.722476,5578261609.71618
2025-11-26,184492141326.0,21.1,60.8,1749141889875.0,,7861700429.808,5387059774.14764
2025-11-26,184492141326.0,21.1,60.8,1751907847931.25,,7861700429.808,5387059774.14764
2025-11-26,184492141326.0,21.1,60.8,1739308729637.5,,7861700429.808,5387059774.14764
2025-11-26,184492141326.0,21.1,60.8,1797147469650.0,,7861700429.808,5387059774.14764
2025-11-27,184549453883.0,,,1833544355587.5,,8048699931.72,5775866431.2084
2025-11-27,184549453883.0,,,1816833002578.125,,8048699931.72,5775866431.2084
2025-11-27,184549453883.0,,,1825811587500.0,,8048699931.72,5775866431.2084
2025-11-27,184549453883.0,,,1822248913325.0,,8048699931.72,5775866431.2084
2025-11-28,184606393163.0,71.4,76.6,1808078675900.0,,8235254701.266157,5634058192.30749
2025-11-28,184606393163.0,71.4,76.6,1815712558593.75,,8235254701.266157,5634058192.30749
2025-11-28,184606393163.0,71.4,76.6,1829638235953.125,,8235254701.266157,5634058192.30749
2025-11-28,184606393163.0,71.4,76.6,1812086307000.0,,8235254701.266157,5634058192.30749
2025-11-29,184652369485.0,,,1815923768750.0,,8110502573.7204,5710839758.3576
2025-11-29,184652369485.0,,,1810346233500.0,,8110502573.7204,5710839758.3576
2025-11-29,184652369485.0,,,1814749759750.0,,8110502573.7204,5710839758.3576
2025-11-30,184591649934.0,,,1825613306671.875,,8031472952.8599,5693463981.95968
2025-11-30,184591649934.0,,,1817060572562.5,,8031472952.8599,5693463981.95968
2025-11-30,184591649934.0,,,1826383637896.875,,8031472952.8599,5693463981.95968
2025-11-30,184591649934.0,,,1820766909609.375,,8031472952.8599,5693463981.95968
2025-12-01,184616288292.0,8.5,-79.0,1718802166737.5,,8182255546.7384405,5626226798.019516
2025-12-01,184616288292.0,8.5,-79.0,1732303095046.875,,8182255546.7384405,5626226798.019516
2025-12-01,184616288292.0,8.5,-79.0,1694137912937.5,,8182255546.7384405,5626226798.019516
2025-12-02,184628089623.0,58.5,-9.9,1726061695765.625,,7624302890.105775,5441523092.592485
2025-12-02,184628089623.0,58.5,-9.9,1745929942443.75,,7624302890.105775,5441523092.592485
2025-12-02,184628089623.0,58.5,-9.9,1836644835993.75,,7624302890.105775,5441523092.592485
2025-12-03,184714757749.0,-14.9,140.2,1858155311359.375,,8111364002.7134,5807305053.312
2025-12-03,184714757749.0,-14.9,140.2,1853759720225.0,,8111364002.7134,5807305053.312
2025-12-03,184714757749.0,-14.9,140.2,1852256624975.0,,8111364002.7134,5807305053.312
2025-12-04,185310328872.0,-194.6,-41.5,1863353812643.75,,8247814177.551556,6299241324.524776
2025-12-04,185310328872.0,-194.6,-41.5,1841953698775.0,,8247814177.551556,6299241324.524776
2025-12-04,185310328872.0,-194.6,-41.5,1860672978400.0,,8247814177.551556,6299241324.524776
2025-12-04,185310328872.0,-194.6,-41.5,1848369072093.75,,8247814177.551556,6299241324.524776
2025-12-05,185530759937.0,54.8,-75.2,1843182372593.75,,8214704928.959209,6264691036.27451
2025-12-05,185530759937.0,54.8,-75.2,1782650513875.0,,8214704928.959209,6264691036.27451
2025-12-05,185530759937.0,54.8,-75.2,1802319528431.25,,8214704928.959209,6264691036.27451
2025-12-06,185719839718.0,,,1790547670125.0,,7742134475.442725,6279993997.273399
2025-12-06,185719839718.0,,,1790495311418.75,,7742134475.442725,6279993997.273399
2025-12-06,185719839718.0,,,1787347557193.75,,7742134475.442725,6279993997.273399
2025-12-07,185648932845.17,,,,,7815905093.9249,6211384986.85848
